-- phpMyAdmin SQL Dump
-- version 3.3.7deb7
-- http://www.phpmyadmin.net
--
-- Serveur: localhost
-- Généré le : Lun 12 Janvier 2015 à 11:10
-- Version du serveur: 5.5.40
-- Version de PHP: 5.3.21-1~dotdeb.0

SET SQL_MODE="NO_AUTO_VALUE_ON_ZERO";


/*!40101 SET @OLD_CHARACTER_SET_CLIENT=@@CHARACTER_SET_CLIENT */;
/*!40101 SET @OLD_CHARACTER_SET_RESULTS=@@CHARACTER_SET_RESULTS */;
/*!40101 SET @OLD_COLLATION_CONNECTION=@@COLLATION_CONNECTION */;
/*!40101 SET NAMES utf8 */;

--
-- Base de données: `c46bag`
--

-- --------------------------------------------------------

--
-- Structure de la table `auth`
--

CREATE TABLE IF NOT EXISTS `auth` (
  `id` int(11) NOT NULL AUTO_INCREMENT,
  `app_email` varchar(50) NOT NULL,
  `app_password` varchar(50) NOT NULL,
  `auth_type` smallint(1) NOT NULL,
  `login_fail` int(1) DEFAULT NULL,
  `disabled` tinyint(1) NOT NULL,
  PRIMARY KEY (`id`)
) ENGINE=InnoDB  DEFAULT CHARSET=utf8 AUTO_INCREMENT=66 ;

--
-- Contenu de la table `auth`
--

INSERT INTO `auth` (`id`, `app_email`, `app_password`, `auth_type`, `login_fail`, `disabled`) VALUES
(1, 'superadmin@bag.com.au', 'f865b53623b121fd34ee5426c792e5c33af8c227', 0, 0, 0),
(3, 'alala@ssss.com', 'f865b53623b121fd34ee5426c792e5c33af8c227', 2, 0, 0),
(4, 'ala@gmail.com', '5dcf37f8832a5cd1c447cfe6e4f26581e1ca3c99', 2, NULL, 0),
(5, 'alexvh56@gmail.com', 'f865b53623b121fd34ee5426c792e5c33af8c227', 1, 0, 0),
(6, 'thinhld@smartosc.com', 'f865b53623b121fd34ee5426c792e5c33af8c227', 2, 0, 0),
(7, 'alan12@gmail.com', 'f865b53623b121fd34ee5426c792e5c33af8c227', 2, 0, 0),
(8, 'ngantt.27@gmail.com', '6c39f92023b1621a9755f0dfe1c3ef95457fdfb9', 1, 0, 0),
(9, 'muoidv@smartosc.com', '7c222fb2927d828af22f592134e8932480637c0d', 0, 1, 0),
(10, 'muoi@sm.com', '7c4a8d09ca3762af61e59520943dc26494f8941b', 1, 0, 0),
(11, 'customer2412xxx@gmail.com', '02cd64a4713c74fce862188686b5221ff0dbb9f1', 1, 2, 0),
(12, 'alan1@gmail.com', 'f865b53623b121fd34ee5426c792e5c33af8c227', 0, 0, 0),
(13, 'muoi@smartosc.com', '7c4a8d09ca3762af61e59520943dc26494f8941b', 1, 0, 0),
(14, 'alan2@gmail.com', 'f865b53623b121fd34ee5426c792e5c33af8c227', 0, 0, 0),
(15, 'alan3@gmail.com', 'f865b53623b121fd34ee5426c792e5c33af8c227', 0, 0, 0),
(16, 'myemail2@gmail.com', 'f865b53623b121fd34ee5426c792e5c33af8c227', 0, NULL, 0),
(17, 'alan4@gmail.com', 'f865b53623b121fd34ee5426c792e5c33af8c227', 0, 0, 0),
(18, 'alan5@gmail.com', '7b902e6ff1db9f560443f2048974fd7d386975b0', 0, 0, 0),
(19, 'alan6@gmail.com', 'f865b53623b121fd34ee5426c792e5c33af8c227', 0, 0, 0),
(20, 'thinhld@smartosc.comasdasd', '7c4a8d09ca3762af61e59520943dc26494f8941b', 0, NULL, 0),
(21, 'df@x.com', '7c222fb2927d828af22f592134e8932480637c0d', 1, NULL, 0),
(22, 'abc123@gmail.com', '6c39f92023b1621a9755f0dfe1c3ef95457fdfb9', 0, 0, 0),
(23, 'localstaff@gmail.com', 'f865b53623b121fd34ee5426c792e5c33af8c227', 0, 0, 0),
(24, 'courier@gmail.com', '7c222fb2927d828af22f592134e8932480637c0d', 2, 0, 0),
(25, 'localstaff11@gmail.com', 'f865b53623b121fd34ee5426c792e5c33af8c227', 0, 0, 0),
(26, 'thinhld052@smartosc.com', 'f865b53623b121fd34ee5426c792e5c33af8c227', 0, NULL, 0),
(27, 'stafflocal@gmail.com', 'f865b53623b121fd34ee5426c792e5c33af8c227', 0, 0, 0),
(28, 'alan9@gmail.com', 'f865b53623b121fd34ee5426c792e5c33af8c227', 0, 0, 0),
(29, 'localstaff123@gmail.com', 'f865b53623b121fd34ee5426c792e5c33af8c227', 0, 0, 0),
(30, 'mdv@g.com', 'f865b53623b121fd34ee5426c792e5c33af8c227', 2, 0, 0),
(31, 'alan10@gmail.com', 'f865b53623b121fd34ee5426c792e5c33af8c227', 0, NULL, 0),
(32, 'abc@gmail.com', 'f865b53623b121fd34ee5426c792e5c33af8c227', 0, 0, 0),
(33, 'customerNOEL@gmail.com', 'f865b53623b121fd34ee5426c792e5c33af8c227', 1, 0, 0),
(34, 'cust@gmail.com', 'f865b53623b121fd34ee5426c792e5c33af8c227', 1, 0, 0),
(35, 'cusXXXX@gmail.com', '7b902e6ff1db9f560443f2048974fd7d386975b0', 1, 0, 0),
(36, 'cccsss@df.com', '7b902e6ff1db9f560443f2048974fd7d386975b0', 1, 0, 0),
(37, 'couriernew123@gmail.com', 'f865b53623b121fd34ee5426c792e5c33af8c227', 2, 0, 0),
(38, 'ChippendalePickups@gmail.com', 'f865b53623b121fd34ee5426c792e5c33af8c227', 0, 0, 0),
(39, 'newstaff2512@gmail.com', 'f865b53623b121fd34ee5426c792e5c33af8c227', 0, NULL, 0),
(40, 'newstaffnoel@gmail.com', 'f865b53623b121fd34ee5426c792e5c33af8c227', 0, NULL, 0),
(41, 'customertoday@gmail.com', '7b902e6ff1db9f560443f2048974fd7d386975b0', 1, 0, 0),
(42, 'couriertoday@gmail.com', 'f865b53623b121fd34ee5426c792e5c33af8c227', 2, 0, 0),
(43, 'rob.barac@barcom.com.au', '51abb9636078defbf888d8457a7c76f85c8f114c', 1, 0, 0),
(44, 'rob.barac.1@barcom.com.au', 'bd21a8b1c1619257252c3f1a4754f74ae19dc57c', 2, 1, 0),
(45, 'rob.barac@gmail.com', '4b90af524bf18347216ca8959533613375201181', 2, 0, 0),
(46, 'bib.rishal@gmail.com', 'f71c67809de3a887ccbb06393e57725c694ff0e9', 2, 0, 0),
(47, 'pramod_rishal@hotmail.com', '448ed7416fce2cb66c285d182b1ba3df1e90016d', 1, 0, 0),
(48, 'stafftoday@gmail.com', 'f865b53623b121fd34ee5426c792e5c33af8c227', 0, NULL, 0),
(49, 'vanhong@gmail.com', 'f865b53623b121fd34ee5426c792e5c33af8c227', 1, NULL, 0),
(50, 'vanhong_test@gmail.com', '7b902e6ff1db9f560443f2048974fd7d386975b0', 1, NULL, 0),
(51, 'vanhong_test0@gmail.com', 'f865b53623b121fd34ee5426c792e5c33af8c227', 1, NULL, 0),
(52, 'couriercompany1@gmail.com', 'c42e910dd1debc8f5a2d03ac5ee0053f57ce33b7', 2, NULL, 0),
(53, 'abcdefgh@gmail.com', '5ef2400d6161c5418c63cf5404b346e2b597791b', 2, NULL, 0),
(54, 'customer234234@gmail.com', 'f865b53623b121fd34ee5426c792e5c33af8c227', 1, 0, 0),
(55, 'abcdefg@gmail.com', 'adeff9dc15c9f59ae4c3fbfc968008b0c3ad3fdb', 2, NULL, 0),
(56, 'sdfsdfsdfsdfdfdf@gmail.com', 'f865b53623b121fd34ee5426c792e5c33af8c227', 1, NULL, 0),
(57, 'courierABCD@gmail.com', 'f865b53623b121fd34ee5426c792e5c33af8c227', 2, 0, 0),
(58, 'meh@meh.com', '47bc2ff1d2789b194fce3c4bdb6145056b2bdc8d', 2, NULL, 0),
(59, 'phong45@gmail.com', 'f865b53623b121fd34ee5426c792e5c33af8c227', 2, 0, 0),
(60, 'phong999@gmail.com', '286033116b41b9bb09eb0b668c2095b9a68f9165', 2, NULL, 0),
(61, 'nguyenhoangha@gmail.com', 'f865b53623b121fd34ee5426c792e5c33af8c227', 1, 0, 0),
(62, 'nguyenhoangha123@gmail.com', 'f865b53623b121fd34ee5426c792e5c33af8c227', 1, 0, 0),
(63, 'PhamGiangHa@gmail.com', '7b902e6ff1db9f560443f2048974fd7d386975b0', 2, 0, 0),
(64, 'phamhahuong@gmail.com', 'f865b53623b121fd34ee5426c792e5c33af8c227', 1, 0, 0),
(65, 'dfdf2dfd@dfd.fgf', 'f865b53623b121fd34ee5426c792e5c33af8c227', 2, 0, 0);

-- --------------------------------------------------------

--
-- Structure de la table `configuration`
--

CREATE TABLE IF NOT EXISTS `configuration` (
  `id` int(11) NOT NULL AUTO_INCREMENT,
  `config_title` varchar(31) NOT NULL,
  `config_key` int(2) NOT NULL,
  `config_value` varchar(255) DEFAULT NULL,
  `config_unit` varchar(7) NOT NULL,
  `created` datetime NOT NULL,
  `updated` datetime NOT NULL,
  PRIMARY KEY (`id`),
  UNIQUE KEY `config_key` (`config_key`) USING BTREE
) ENGINE=InnoDB  DEFAULT CHARSET=utf8 AUTO_INCREMENT=16 ;

--
-- Contenu de la table `configuration`
--

INSERT INTO `configuration` (`id`, `config_title`, `config_key`, `config_value`, `config_unit`, `created`, `updated`) VALUES
(1, 'Base Price', 1, '7', '$', '2014-12-04 19:59:49', '2014-12-11 19:09:47'),
(2, 'Credit Card Fees', 2, '2.5', '%', '2014-12-04 20:00:16', '2014-12-24 21:32:31'),
(3, 'Request Signature on Delivery', 3, '2', '$', '2014-12-04 20:00:32', '2014-12-11 18:39:04'),
(4, 'Insure Delivery', 4, '5', '$', '2014-12-11 18:34:57', '2014-12-11 19:14:36'),
(5, 'Cancellation Percentage', 5, '20', '%', '2014-12-11 18:35:40', '2014-12-11 19:11:57'),
(6, 'Awaiting', 7, '24', 'hours', '2014-12-11 18:36:57', '2014-12-11 19:24:57'),
(7, 'Assigned', 8, '36', 'hours', '2014-12-11 18:37:20', '2014-12-11 18:37:20'),
(8, 'Picked up', 9, '44', 'hours', '2014-12-11 18:38:19', '2014-12-11 18:38:19'),
(9, 'Delivered', 10, '48', 'hours', '2014-12-11 18:38:35', '2014-12-11 18:43:41'),
(10, 'Canceled', 11, '0.25', 'hours', '2014-12-11 18:59:07', '2014-12-11 18:59:07'),
(11, 'Accepted', 12, '24', 'hours', '2014-12-11 18:59:38', '2014-12-24 18:10:27'),
(12, 'Reported Email HO', 14, 'vinhnv@smartosc.com', 'email', '2014-12-12 14:02:26', '2014-12-12 14:02:26'),
(13, 'Paypal Id', 15, 'ARnisxC2fFapspY_Bt78Iw_hi-N5OMzs3oJ0yEmvpu08_EGliflicBLs1l0V', 'id', '2014-12-12 14:19:13', '2014-12-12 14:19:13'),
(14, 'Paypal secret', 16, 'EPqNNBApnWhYyVZGRoHQoyBFGgwPHblUcE0te9KHQHdLsPrXbAeyuAQzt-1U', 'secret', '2014-12-12 14:19:40', '2014-12-12 14:19:40'),
(15, 'Currency', 17, 'AUD', '$code', '2014-12-15 11:01:35', '2014-12-15 11:01:46');

-- --------------------------------------------------------

--
-- Structure de la table `courier`
--

CREATE TABLE IF NOT EXISTS `courier` (
  `id` int(11) NOT NULL AUTO_INCREMENT,
  `auth_id` int(11) NOT NULL,
  `is_company` tinyint(1) NOT NULL DEFAULT '1',
  `company_name` varchar(255) DEFAULT NULL,
  `firstname` varchar(125) DEFAULT NULL,
  `lastname` varchar(125) DEFAULT NULL,
  `abn` varchar(31) DEFAULT NULL,
  `contact_firstname` varchar(125) DEFAULT NULL,
  `contact_lastname` varchar(125) DEFAULT NULL,
  `email` varchar(63) NOT NULL,
  `image` varchar(255) DEFAULT NULL,
  `alternative_email` varchar(63) DEFAULT NULL,
  `general_number` varchar(31) DEFAULT NULL,
  `contact_number` varchar(31) DEFAULT NULL,
  `mobile` varchar(31) NOT NULL,
  `fax` varchar(31) DEFAULT NULL,
  `address` varchar(63) NOT NULL,
  `suburb` varchar(63) DEFAULT NULL,
  `courier_state` varchar(7) DEFAULT NULL,
  `country` varchar(31) DEFAULT NULL,
  `postcode` varchar(7) DEFAULT NULL,
  `bank_institution` varchar(31) NOT NULL,
  `bank_bsb` varchar(31) NOT NULL,
  `bank_account` varchar(31) NOT NULL,
  `preferred_region` varchar(63) DEFAULT NULL,
  `preferred_pickup_suburb_ids` text,
  `preferred_delivery_suburb_ids` text,
  `photo` varchar(255) DEFAULT NULL,
  `utility_bill` varchar(255) DEFAULT NULL,
  `bank_statement` varchar(255) DEFAULT NULL,
  `photo_approved` tinyint(1) DEFAULT NULL,
  `utility_bill_approved` tinyint(1) DEFAULT NULL,
  `bank_statement_approved` tinyint(1) DEFAULT NULL,
  `head_office_approved` tinyint(1) DEFAULT NULL,
  `can_assign` tinyint(1) NOT NULL,
  `created` datetime NOT NULL,
  `updated` datetime NOT NULL,
  `search_name` varchar(255) DEFAULT NULL,
  PRIMARY KEY (`id`),
  KEY `company_name` (`company_name`),
  KEY `abn` (`abn`),
  KEY `contact_firstname` (`contact_firstname`),
  KEY `contact_lastname` (`contact_lastname`),
  KEY `email` (`email`),
  KEY `mobile` (`mobile`),
  KEY `created` (`created`),
  KEY `head_office_approved` (`head_office_approved`)
) ENGINE=InnoDB  DEFAULT CHARSET=utf8 AUTO_INCREMENT=21 ;

--
-- Contenu de la table `courier`
--

INSERT INTO `courier` (`id`, `auth_id`, `is_company`, `company_name`, `firstname`, `lastname`, `abn`, `contact_firstname`, `contact_lastname`, `email`, `image`, `alternative_email`, `general_number`, `contact_number`, `mobile`, `fax`, `address`, `suburb`, `courier_state`, `country`, `postcode`, `bank_institution`, `bank_bsb`, `bank_account`, `preferred_region`, `preferred_pickup_suburb_ids`, `preferred_delivery_suburb_ids`, `photo`, `utility_bill`, `bank_statement`, `photo_approved`, `utility_bill_approved`, `bank_statement_approved`, `head_office_approved`, `can_assign`, `created`, `updated`, `search_name`) VALUES
(1, 3, 1, 'ABC', NULL, NULL, 'ANB', 'Bin', 'Bom', 'alexvh56@gmail.com', '20141224-tulips-jpg-549a2b9cc89021-68467097.jpg', NULL, '1212121212', '1212121212', '1212121212', '1212121212', '12121212', '12121212', 'NSW', 'Australia', '3333333', '121', '1212', '1', 'Sydney', '7,30,152,47,103,115,83,72,33,149,123,81,93,141,15,142,65,63,156,154,119,167,18,14,11,77,106,185,45,181,42,144,143,175,92,164,124,188,50,98,132,3,140,75,109,26,70,176,48,104,105,76,20,39,150,128,153,160,96,19,108,95,89,195,35,135,38,67,66,129,147,85,29,197,127,55,113,173,37,74,179,111,99,60,138,84,166,182,172,125,25,126,54,6,24,155,187,163,177,194,145,49,136,32,112,53,137,73,151,12,28,88,180,130,161,44,202,183,174,80,169,68,61,62,186,184,78,69,82,34,192,121,87,43,46,122,171,13,158,27,201,120,157,94,189,168,41,146,56,4,198,23,8,114,159,110,191,199,162,200,21,10,52,31,90,86,165,71,118,190,100,134,58,139,196,36,40,107,102,5,178,1,101,170,91,64,117,57,2,22,133,97,59,79,9,16,116,51,193,17,148,131', '7,30,152,47,103,115,83,72,33,149,123,81,93,141,15,142,65,63,156,154,119,167,18,14,11,77,106,185,45,181,42,144,143,175,92,164,124,188,50,98,132,3,140,75,109,26,70,176,48,104,105,76,20,39,150,128,153,160,96,19,108,95,89,195,35,135,38,67,66,129,147,85,29,197,127,55,113,173,37,74,179,111,99,60,138,84,166,182,172,125,25,126,54,6,24,155,187,163,177,194,145,49,136,32,112,53,137,73,151,12,28,88,180,130,161,44,202,183,174,80,169,68,61,62,186,184,78,69,82,34,192,121,87,43,46,122,171,13,158,27,201,120,157,94,189,168,41,146,56,4,198,23,8,114,159,110,191,199,162,200,21,10,52,31,90,86,165,71,118,190,100,134,58,139,196,36,40,107,102,5,178,1,101,170,91,64,117,57,2,22,133,97,59,79,9,16,116,51,193,17,148,131', '2', '20141224-hydrangeas-jpg-549a2c23137a20-67833286.jpg', '20141224-lighthouse-jpg-549a2c2313f733-04364840.jpg', NULL, NULL, NULL, NULL, 1, '2014-12-24 02:02:52', '2014-12-24 02:02:52', 'Bin , Bom'),
(2, 4, 1, 'dsdsd', NULL, NULL, 'dsdsds', 'dsdsd', 'dsdsd', 'alexnt56@gmail.com', '20141224-hydrangeas-jpg-549a2f2ae2bad1-50654491.jpg', NULL, '111222333', '111222333', '01659377606', '111222333', 'Mexico', 'As', 'NSW', 'Australia', '1222121', '12121212', '121212', '2', 'Sydney', '7,30,152,47,103,115,83,72,33,149,123,81,93,141,15,142,65,63,156,154,119,167,18,14,11,77,106,185,45,181,42,144,143,175,92,164,124,188,50,98,132,3,140,75,109,26,70,176,48,104,105,76,20,39,150,128,153,160,96,19,108,95,89,195,35,135,38,67,66,129,147,85,29,197,127,55,113,173,37,74,179,111,99,60,138,84,166,182,172,125,25,126,54,6,24,155,187,163,177,194,145,49,136,32,112,53,137,73,151,12,28,88,180,130,161,44,202,183,174,80,169,68,61,62,186,184,78,69,82,34,192,121,87,43,46,122,171,13,158,27,201,120,157,94,189,168,41,146,56,4,198,23,8,114,159,110,191,199,162,200,21,10,52,31,90,86,165,71,118,190,100,134,58,139,196,36,40,107,102,5,178,1,101,170,91,64,117,57,2,22,133,97,59,79,9,16,116,51,193,17,148,131', '7,30,152,47,103,115,83,72,33,149,123,81,93,141,15,142,65,63,156,154,119,167,18,14,11,77,106,185,45,181,42,144,143,175,92,164,124,188,50,98,132,3,140,75,109,26,70,176,48,104,105,76,20,39,150,128,153,160,96,19,108,95,89,195,35,135,38,67,66,129,147,85,29,197,127,55,113,173,37,74,179,111,99,60,138,84,166,182,172,125,25,126,54,6,24,155,187,163,177,194,145,49,136,32,112,53,137,73,151,12,28,88,180,130,161,44,202,183,174,80,169,68,61,62,186,184,78,69,82,34,192,121,87,43,46,122,171,13,158,27,201,120,157,94,189,168,41,146,56,4,198,23,8,114,159,110,191,199,162,200,21,10,52,31,90,86,165,71,118,190,100,134,58,139,196,36,40,107,102,5,178,1,101,170,91,64,117,57,2,22,133,97,59,79,9,16,116,51,193,17,148,131', 'tf', '20141224-tulips-jpg-549a2ff6a9b567-84755323.jpg', '20141224-tulips-jpg-549a2ff6aa0c42-74187640.jpg', 0, 0, 0, 0, 1, '2014-12-24 02:16:17', '2014-12-24 02:16:17', 'dsdsd , dsdsd'),
(3, 6, 1, 'SmartOsc', NULL, NULL, '123456789521', 'Le Duc', 'Thinh', 'thinhld@smartosc.com', '20141224-anh-duong--10--jpg-549a31a79a8c21-88073501.jpg', 'thinhld@smartosc.com', '123456789', '123456789', '987655548885', '0123456789', 'yespl', 'Ultimo', 'NSW', 'Australia', '2004', '8453954', '8453657', '112454', 'Sydney', '7,30,152,47,103,115,83,72,33,149,123,81,93,141,15,142,65,63,156,154,119,167,18,14,11,77,106,185,45,181,42,144,143,175,92,164,124,188,50,98,132,3,140,75,109,26,70,176,48,104,105,76,20,39,150,128,153,160,96,19,108,95,89,195,35,135,38,67,66,129,147,85,29,197,127,55,113,173,37,74,179,111,99,60,138,84,166,182,172,125,25,126,54,6,24,155,187,163,177,194,145,49,136,32,112,53,137,73,151,12,28,88,180,130,161,44,202,183,174,80,169,68,61,62,186,184,78,69,82,34,192,121,87,43,46,122,171,13,158,27,201,120,157,94,189,168,41,146,56,4,198,23,8,114,159,110,191,199,162,200,21,10,52,31,90,86,165,71,118,190,100,134,58,139,196,36,40,107,102,5,178,1,101,170,91,64,117,57,2,22,133,97,59,79,9,16,116,51,193,17,148,131', '7,30,152,47,103,115,83,72,33,149,123,81,93,141,15,142,65,63,156,154,119,167,18,14,11,77,106,185,45,181,42,144,143,175,92,164,124,188,50,98,132,3,140,75,109,26,70,176,48,104,105,76,20,39,150,128,153,160,96,19,108,95,89,195,35,135,38,67,66,129,147,85,29,197,127,55,113,173,37,74,179,111,99,60,138,84,166,182,172,125,25,126,54,6,24,155,187,163,177,194,145,49,136,32,112,53,137,73,151,12,28,88,180,130,161,44,202,183,174,80,169,68,61,62,186,184,78,69,82,34,192,121,87,43,46,122,171,13,158,27,201,120,157,94,189,168,41,146,56,4,198,23,8,114,159,110,191,199,162,200,21,10,52,31,90,86,165,71,118,190,100,134,58,139,196,36,40,107,102,5,178,1,101,170,91,64,117,57,2,22,133,97,59,79,9,16,116,51,193,17,148,131', '8452141132', '20141224-anh-duong--11--jpg-549a31c0f40304-84864480.jpg', '20141224-anh-duong--8--jpg-549a31c0f421b7-86676971.jpg', 1, 1, 1, 1, 1, '2014-12-24 02:24:11', '2014-12-29 09:09:13', 'Le Duc , Thinh'),
(4, 7, 1, 'Alann', NULL, NULL, 'Alan', 'alan', 'alan', 'fucug@fyfh.com', '20141224-2014-12-19-14-13-41-png-549a36359ff901-20685932.png', NULL, '3456788', '123457889', '1356789', '28567898744', 'ghhhhhhhhhhhh', 'Alexandria', 'NSW', 'Australia', '2000', '45789', '36900', '677887', 'Sydney', '7,30,152,47,103,115,83,72,33,149,123,81,93,141,15,142,65,63,156,154,119,167,18,14,11,77,106,185,45,181,42,144,143,175,92,164,124,188,50,98,132,3,140,75,109,26,70,176,48,104,105,76,20,39,150,128,153,160,96,19,108,95,89,195,35,135,38,67,66,129,147,85,29,197,127,55,113,173,37,74,179,111,99,60,138,84,166,182,172,125,25,126,54,6,24,155,187,163,177,194,145,49,136,32,112,53,137,73,151,12,28,88,180,130,161,44,202,183,174,80,169,68,61,62,186,184,78,69,82,34,192,121,87,43,46,122,171,13,158,27,201,120,157,94,189,168,41,146,56,4,198,23,8,114,159,110,191,199,162,200,21,10,52,31,90,86,165,71,118,190,100,134,58,139,196,36,40,107,102,5,178,1,101,170,91,64,117,57,2,22,133,97,59,79,9,16,116,51,193,17,148,131', '7,30,152,47,103,115,83,72,33,149,123,81,93,141,15,142,65,63,156,154,119,167,18,14,11,77,106,185,45,181,42,144,143,175,92,164,124,188,50,98,132,3,140,75,109,26,70,176,48,104,105,76,20,39,150,128,153,160,96,19,108,95,89,195,35,135,38,67,66,129,147,85,29,197,127,55,113,173,37,74,179,111,99,60,138,84,166,182,172,125,25,126,54,6,24,155,187,163,177,194,145,49,136,32,112,53,137,73,151,12,28,88,180,130,161,44,202,183,174,80,169,68,61,62,186,184,78,69,82,34,192,121,87,43,46,122,171,13,158,27,201,120,157,94,189,168,41,146,56,4,198,23,8,114,159,110,191,199,162,200,21,10,52,31,90,86,165,71,118,190,100,134,58,139,196,36,40,107,102,5,178,1,101,170,91,64,117,57,2,22,133,97,59,79,9,16,116,51,193,17,148,131', '556guv', '20141224-2014-12-19-14-13-38-png-549a36803dbbf1-18317147.png', '20141224-screenshot_2014-12-17-20-39-20-png-549a36803de5b7-06264245.png', 1, 1, 1, 1, 1, '2014-12-24 02:44:21', '2014-12-24 08:16:07', 'alan , alan'),
(5, 24, 1, 'courier1004', NULL, NULL, '1004', 'courier', 'courier', 'courier1112@gmail.com', '20141224-error-book-pickup-png-549a73c74ed1e8-44390501.png', 'courier1112@gmail.com', '111111', '11111111', '11111111111', '1111111111', 'addres1001', '10003', 'NSW', 'Australia', '1110111', '1111', '11111', '11111', 'Sydney', '7,30', '115', '20150107-livecd_dapper_vi-pdf-54acdd50b03165-93414403.pdf', '20150107-ff9b6183fcda4471860e22b004c16b03jpg1356418016-jpg-54acb403443fa6-89075475.jpg', '20150107-test-tiff-54acb3df1f48c4-10478852.tiff', NULL, NULL, NULL, 0, 0, '2014-12-24 07:11:08', '2015-01-09 03:02:30', 'courier , courier'),
(6, 30, 1, 'SM', NULL, NULL, 'SM', 'muoi', 'do', 'mdv@g.com', '20141224-578614_276013975835298_332965388_n-jpg-549a80152659b7-76583277.jpg', 'mdv@g.com', '123123213', '43535345', '12355788', '4535353453', 'thanh xuan', 'ha noi', 'NSW', 'Australia', '10000', '4535', '345345', '34543', 'Sydney', '30,152', '152', '234', '20141224-578614_276013975835298_332965388_n-jpg-549a8023d7bde7-55802154.jpg', '20141224-578614_276013975835298_332965388_n-jpg-549a8023d7e070-01833340.jpg', NULL, NULL, NULL, NULL, 1, '2014-12-24 07:58:32', '2014-12-24 07:58:32', 'muoi , do'),
(7, 37, 1, 'rfdfddg', NULL, NULL, 'couriernew123@gmail.com', 'couriernew', 'couriernew', 'couriernew123@gmail.com', '20141224-62-png-549aa2bf57a1e3-18687002.png', 'couriernew123@gmail.com', '3434345', '32423434', '234234324', '234234', 'erere', 'Chippendale', 'NSW', 'Australia', '2008', 'edsfdsfd', '2weds', '343434', 'Sydney', '7,30,152,47,103,115,83,72,33,149,123,81,93,141,15,142,65,63,156,154,119,167,18,14,11,77,106,185,45,181,42,144,143,175,92,164,124,188,50,98,132,3,140,75,109,26,70,176,48,104,105,76,20,39,150,128,153,160,96,19,108,95,89,195,35,135,38,67,66,129,147,85,29,197,127,55,113,173,37,74,179,111,99,60,138,84,166,182,172,125,25,126,54,6,24,155,187,163,177,194,145,49,136,32,112,53,137,73,151,12,28,88,180,130,161,44,202,183,174,80,169,68,61,62,186,184,78,69,82,34,192,121,87,43,46,122,171,13,158,27,201,120,157,94,189,168,41,146,56,4,198,23,8,114,159,110,191,199,162,200,21,10,52,31,90,86,165,71,118,190,100,134,58,139,196,36,40,107,102,5,178,1,101,170,91,64,117,57,2,22,133,97,59,79,9,16,116,51,193,17,148,131', '7,30,152,47,103,115,83,72,33,149,123,81,93,141,15,142,65,63,156,154,119,167,18,14,11,77,106,185,45,181,42,144,143,175,92,164,124,188,50,98,132,3,140,75,109,26,70,176,48,104,105,76,20,39,150,128,153,160,96,19,108,95,89,195,35,135,38,67,66,129,147,85,29,197,127,55,113,173,37,74,179,111,99,60,138,84,166,182,172,125,25,126,54,6,24,155,187,163,177,194,145,49,136,32,112,53,137,73,151,12,28,88,180,130,161,44,202,183,174,80,169,68,61,62,186,184,78,69,82,34,192,121,87,43,46,122,171,13,158,27,201,120,157,94,189,168,41,146,56,4,198,23,8,114,159,110,191,199,162,200,21,10,52,31,90,86,165,71,118,190,100,134,58,139,196,36,40,107,102,5,178,1,101,170,91,64,117,57,2,22,133,97,59,79,9,16,116,51,193,17,148,131', '233', '20141224-newstaff-png-549aa2c92c8ee6-33835981.png', '20141224-customerregistration_reference-png-549aa2c92ca894-15286875.png', NULL, NULL, NULL, NULL, 1, '2014-12-24 10:26:29', '2014-12-24 10:26:29', 'couriernew , couriernew'),
(8, 42, 1, 'couriertoday', NULL, NULL, '33556672', 'couriertoday', 'couriertoday', 'couriertoday@gmail.com', '20141225-62-png-549bba2de461d2-02470143.png', NULL, '45454546', '23223232', '232434324', '3243432432', 'Ultimo_6786889', 'Ultimo', 'NSW', 'Australia', '2007', 'sdhfdfd', '232232', '3423324', 'Sydney', '7,30,152,47,103,115,83,72,33,149,123,81,93,141,15,142,65,63,156,154,119,167,18,14,11,77,106,185,45,181,42,144,143,175,92,164,124,188,50,98,132,3,140,75,109,26,70,176,48,104,105,76,20,39,150,128,153,160,96,19,108,95,89,195,35,135,38,67,66,129,147,85,29,197,127,55,113,173,37,74,179,111,99,60,138,84,166,182,172,125,25,126,54,6,24,155,187,163,177,194,145,49,136,32,112,53,137,73,151,12,28,88,180,130,161,44,202,183,174,80,169,68,61,62,186,184,78,69,82,34,192,121,87,43,46,122,171,13,158,27,201,120,157,94,189,168,41,146,56,4,198,23,8,114,159,110,191,199,162,200,21,10,52,31,90,86,165,71,118,190,100,134,58,139,196,36,40,107,102,5,178,1,101,170,91,64,117,57,2,22,133,97,59,79,9,16,116,51,193,17,148,131', '7,30,152,47,103,115,83,72,33,149,123,81,93,141,15,142,65,63,156,154,119,167,18,14,11,77,106,185,45,181,42,144,143,175,92,164,124,188,50,98,132,3,140,75,109,26,70,176,48,104,105,76,20,39,150,128,153,160,96,19,108,95,89,195,35,135,38,67,66,129,147,85,29,197,127,55,113,173,37,74,179,111,99,60,138,84,166,182,172,125,25,126,54,6,24,155,187,163,177,194,145,49,136,32,112,53,137,73,151,12,28,88,180,130,161,44,202,183,174,80,169,68,61,62,186,184,78,69,82,34,192,121,87,43,46,122,171,13,158,27,201,120,157,94,189,168,41,146,56,4,198,23,8,114,159,110,191,199,162,200,21,10,52,31,90,86,165,71,118,190,100,134,58,139,196,36,40,107,102,5,178,1,101,170,91,64,117,57,2,22,133,97,59,79,9,16,116,51,193,17,148,131', '33', '20141225-staffpage_leftmenu-png-549bba4c915742-85111589.png', '20141225-62-png-549bbcb8603c05-19235130.png', 1, 1, 1, 1, 1, '2014-12-25 06:29:30', '2014-12-25 06:29:30', 'couriertoday , couriertoday'),
(9, 44, 1, 'Barcom Pty Ltd', NULL, NULL, '123456789', 'Rob', 'Barac', 'rob.barac+1@barcom.com.au', '20141228-zoii-bg-jpg-549fe933696f51-45865710.jpg', NULL, '12345678', '12345678', '0474148612', '12345678', 'test st', 'testville', 'NSW', 'Australia', '2011', '123', '123', '123', 'Sydney', '47,83,128', '30,152,83', '1234', '20141228-74aeef11c-jpg-549fea149530d8-68956983.jpg', '20141228-birdie-skeleton-jpg-549fe9ed5e1da8-13216974.jpg', NULL, NULL, NULL, NULL, 1, '2014-12-28 10:32:26', '2014-12-28 10:32:26', 'Rob , Barac'),
(10, 45, 0, NULL, 'Robert', 'Barac', NULL, 'remove', 'remove', 'rob.barac@gmail.com', '20141229-img_1041-jpg-54a08313d50a93-41766110.jpg', NULL, '00000000', '0474148612', '0474148612', '12345678', 'test st', 'testville', 'NSW', 'Australia', '2011', '123', '123', '123', 'Sydney', '7,30,152,47,103,115,83,72,33,149,123,81,93,141,15,142,65,63,156,154,119,167,18,14,11,77,106,185,45,181,42,144,143,175,92,164,124,188,50,98,132,3,140,75,109,26,70,176,48,104,105,76,20,39,150,128,153,160,96,19,108,95,89,195,35,135,38,67,66,129,147,85,29,197,127,55,113,173,37,74,179,111,99,60,138,84,166,182,172,125,25,126,54,6,24,155,187,163,177,194,145,49,136,32,112,53,137,73,151,12,28,88,180,130,161,44,202,183,174,80,169,68,61,62,186,184,78,69,82,34,192,121,87,43,46,122,171,13,158,27,201,120,157,94,189,168,41,146,56,4,198,23,8,114,159,110,191,199,162,200,21,10,52,31,90,86,165,71,118,190,100,134,58,139,196,36,40,107,102,5,178,1,101,170,91,64,117,57,2,22,133,97,59,79,9,16,116,51,193,17,148,131', '7,30,152,47,103,115,83,72,33,149,123,81,93,141,15,142,65,63,156,154,119,167,18,14,11,77,106,185,45,181,42,144,143,175,92,164,124,188,50,98,132,3,140,75,109,26,70,176,48,104,105,76,20,39,150,128,153,160,96,19,108,95,89,195,35,135,38,67,66,129,147,85,29,197,127,55,113,173,37,74,179,111,99,60,138,84,166,182,172,125,25,126,54,6,24,155,187,163,177,194,145,49,136,32,112,53,137,73,151,12,28,88,180,130,161,44,202,183,174,80,169,68,61,62,186,184,78,69,82,34,192,121,87,43,46,122,171,13,158,27,201,120,157,94,189,168,41,146,56,4,198,23,8,114,159,110,191,199,162,200,21,10,52,31,90,86,165,71,118,190,100,134,58,139,196,36,40,107,102,5,178,1,101,170,91,64,117,57,2,22,133,97,59,79,9,16,116,51,193,17,148,131', '1234', '20141229-img_9960-copy-png-54a083a4ea6748-24082778.png', '20141229-barcom-logo-2014-eailsig-png-54a083a4ea8cc6-31869002.png', NULL, NULL, NULL, NULL, 1, '2014-12-29 09:26:56', '2014-12-29 09:26:56', 'remove , remove'),
(11, 46, 1, 'Test Company', NULL, NULL, '123123', 'Pramod', 'Rishal', 'bib.rishal@gmail.com', '20141230-testtesttest-png-54a22259ca1f72-32359086.png', 'bib.rishal@gmail.com', '+61450658385', '+61450658385', '+61450658385', '123123', '4/19-21 Susan Street,', 'Sydney', 'NSW', 'Australia', '2144', 'test', '123', '123123', 'Sydney', '7,30,152,47,103,115,83,72,33,149,123,81,93,141,15,142,65,63,156,154,119,167,18,14,11,77,106,185,45,181,42,144,143,175,92,164,124,188,50,98,132,3,140,75,109,26,70,176,48,104,105,76,20,39,150,128,153,160,96,19,108,95,89,195,35,135,38,67,66,129,147,85,29,197,127,55,113,173,37,74,179,111,99,60,138,84,166,182,172,125,25,126,54,6,24,155,187,163,177,194,145,49,136,32,112,53,137,73,151,12,28,88,180,130,161,44,202,183,174,80,169,68,61,62,186,184,78,69,82,34,192,121,87,43,46,122,171,13,158,27,201,120,157,94,189,168,41,146,56,4,198,23,8,114,159,110,191,199,162,200,21,10,52,31,90,86,165,71,118,190,100,134,58,139,196,36,40,107,102,5,178,1,101,170,91,64,117,57,2,22,133,97,59,79,9,16,116,51,193,17,148,131', '7,30,152,47,103,115,83,72,33,149,123,81,93,141,15,142,65,63,156,154,119,167,18,14,11,77,106,185,45,181,42,144,143,175,92,164,124,188,50,98,132,3,140,75,109,26,70,176,48,104,105,76,20,39,150,128,153,160,96,19,108,95,89,195,35,135,38,67,66,129,147,85,29,197,127,55,113,173,37,74,179,111,99,60,138,84,166,182,172,125,25,126,54,6,24,155,187,163,177,194,145,49,136,32,112,53,137,73,151,12,28,88,180,130,161,44,202,183,174,80,169,68,61,62,186,184,78,69,82,34,192,121,87,43,46,122,171,13,158,27,201,120,157,94,189,168,41,146,56,4,198,23,8,114,159,110,191,199,162,200,21,10,52,31,90,86,165,71,118,190,100,134,58,139,196,36,40,107,102,5,178,1,101,170,91,64,117,57,2,22,133,97,59,79,9,16,116,51,193,17,148,131', 'Test', '20141230-testtesttest-png-54a20fee26beb9-12516360.png', '20141230-testtesttest-png-54a20fee26da22-07274885.png', 1, 1, 1, 1, 1, '2014-12-30 01:37:51', '2014-12-30 02:56:09', 'Pramod , Rishal'),
(12, 52, 1, 'couriercompany1', NULL, NULL, 'couriercompany1', 'couriercompany', 'couriercompany', 'couriercompany1@gmail.com', '20150106-29-jpg-54ab602402aeb6-11179340.jpg', 'couriercompany1@gmail.com', '234234', '34343343', '34343423', '23432424', 'Paddington-323', 'Paddington', 'NSW', 'Australia', '2021', 'dsf3efdf', '43redfcv ', '343434', 'Sydney', '17', '17', '20150106-29-jpg-54ab909d709a07-28514653.jpg', '20150106-644077_383980465015450_1921119793_n-jpg-54ab909d70bfb6-20019426.jpg', '20150106-974739501_1519151457_574_574-jpg-54ab909d70dc66-16261475.jpg', NULL, NULL, NULL, 0, 1, '2015-01-06 06:38:11', '2015-01-06 06:38:11', 'couriercompany , couriercompany'),
(13, 53, 1, 'abcdefgh', NULL, NULL, 'abcdefgh', 'abcdefgh', 'abcdefgh', 'abcdefgh@gmail.com', '20150106-974739507_1663740265_574_574-jpg-54ab9397b0dce1-57778383.jpg', 'abcdefgh@gmail.com', '32432434', '2342343', '34324234', '234234324', '333443', 'Bondi', 'NSW', 'Australia', '2026', 'banking detaildsd', 'BSB2323', '332323', 'Sydney', '18', '18', '20150106-29-jpg-54ab93ad253d52-39227522.jpg', '20150106-644077_383980465015450_1921119793_n-jpg-54ab93ad256479-29870937.jpg', '20150106-974739501_1519151457_574_574-jpg-54ab93ad258270-79682472.jpg', NULL, NULL, NULL, 0, 1, '2015-01-06 06:50:24', '2015-01-06 06:50:24', 'abcdefgh , abcdefgh'),
(14, 55, 1, 'dfdfds', NULL, NULL, 'dsfdsfsdf', 'sdfdsfdsf', 'dsfdsfdsf', 'abcdefg@gmail.com', '20150106-ccitt_1-tif-54ab959f000ab3-56384960.tif', 'abcdefg@gmail.com', '4665656', '3423434', '23432434', '342342342', 'Bondi', 'Bondi', 'NSW', 'Australia', '2026', 'sdsds', 'sdsdsd', '2334324234', 'Sydney', '18', '18', '20150106-ccitt_1-tif-54ab95b0f07360-44769535.tif', '20150106-ccitt_1-tif-54ab95b0f09079-28593135.tif', '20150106-ccitt_1-tif-54ab95b0f0a730-61048177.tif', NULL, NULL, NULL, 0, 1, '2015-01-06 06:58:54', '2015-01-06 06:58:54', 'sdfdsfdsf , dsfdsfdsf'),
(15, 57, 1, 'courierABCD', NULL, NULL, 'courierABCD', 'courierABCD', 'courierABCD', 'courierABCD@gmail.com', '20150106-dispersion-prism-particle-model-gif-54ab98b9526f75-72970572.gif', 'courierABCD@gmail.com', '23423434', '435435435', '434343', '343354345', 'Bondi', 'Bondi', 'NSW', 'Australia', '2026', 'dsfdfcdf', '3434rèd', '2345632434', 'Sydney', '18', '18', '20150106-img_05012015_160956-png-54ab98ce294b91-46616933.png', '20150106-img_05012015_160816-png-54ab98ce2965d1-77097046.png', '20150106-img_05012015_160816-png-54ab98ce297d95-36327494.png', 1, 1, 1, 0, 1, '2015-01-06 07:12:14', '2015-01-06 19:29:29', 'courierABCD , courierABCD'),
(16, 58, 0, NULL, 'Robert', 'Barac', NULL, 'Rob', 'Barac', 'rob.barac_TEST3@barcom.com.au', '20150107-screen-shot-2015-01-07-at-11-10-28-am-png-54ac7dacd2e3f4-74149395.png', NULL, '12345678', '12345678', '0474148612', '12345678', 'test st', 'testville', 'NSW', 'Australia', '2011', '123', '123', '123', 'Sydney', '7,30,152,47,103,115,83,72,33,149,123,81,93,141,15,142,65,63,156,154,119,167,18,14,11,77,106,185,45,181,42,144,143,175,92,164,124,188,50,98,132,3,140,75,109,26,70,176,48,104,105,76,20,39,150,128,153,160,96,19,108,95,89,195,35,135,38,67,66,129,147,85,29,197,127,55,113,173,37,74,179,111,99,60,138,84,166,182,172,125,25,126,54,6,24,155,187,163,177,194,145,49,136,32,112,53,137,73,151,12,28,88,180,130,161,44,202,183,174,80,169,68,61,62,186,184,78,69,82,34,192,121,87,43,46,122,171,13,158,27,201,120,157,94,189,168,41,146,56,4,198,23,8,114,159,110,191,199,162,200,21,10,52,31,90,86,165,71,118,190,100,134,58,139,196,36,40,107,102,5,178,1,101,170,91,64,117,57,2,22,133,97,59,79,9,16,116,51,193,17,148,131', '7,30,152,47,103,115,83,72,33,149,123,81,93,141,15,142,65,63,156,154,119,167,18,14,11,77,106,185,45,181,42,144,143,175,92,164,124,188,50,98,132,3,140,75,109,26,70,176,48,104,105,76,20,39,150,128,153,160,96,19,108,95,89,195,35,135,38,67,66,129,147,85,29,197,127,55,113,173,37,74,179,111,99,60,138,84,166,182,172,125,25,126,54,6,24,155,187,163,177,194,145,49,136,32,112,53,137,73,151,12,28,88,180,130,161,44,202,183,174,80,169,68,61,62,186,184,78,69,82,34,192,121,87,43,46,122,171,13,158,27,201,120,157,94,189,168,41,146,56,4,198,23,8,114,159,110,191,199,162,200,21,10,52,31,90,86,165,71,118,190,100,134,58,139,196,36,40,107,102,5,178,1,101,170,91,64,117,57,2,22,133,97,59,79,9,16,116,51,193,17,148,131', '20150107-screen-shot-2015-01-07-at-11-10-40-am-png-54ac7df2c1fd41-84894431.png', '20150107-screen-shot-2015-01-07-at-11-10-28-am-png-54ac7df2c74fc9-90342905.png', '20150107-screen-shot-2015-01-07-at-11-09-43-am-png-54ac7df2c7cf26-41480936.png', NULL, NULL, NULL, 0, 1, '2015-01-07 11:33:53', '2015-01-07 11:33:53', 'Rob , Barac'),
(17, 59, 1, 'Phong', NULL, NULL, 'Vu', '', '', 'phong45@gmail.com', '20150107-a-tif-54acdf6d3dc206-98268277.tif', NULL, '1234567', '1234567', '12345678', '1234567', '1234ghgh', 'fgfg', 'NSW', 'Australia', '1234', '1234567', '123', '123', 'Sydney', '7,30,152,47,103,115,83,72,33,149,123,81,93,141,15,142,65,63,156,154,119,167,18,14,11,77,106,185,45,181,42,144,143,175,92,164,124,188,50,98,132,3,140,75,109,26,70,176,48,104,105,76,20,39,150,128,153,160,96,19,108,95,89,195,35,135,38,67,66,129,147,85,29,197,127,55,113,173,37,74,179,111,99,60,138,84,166,182,172,125,25,126,54,6,24,155,187,163,177,194,145,49,136,32,112,53,137,73,151,12,28,88,180,130,161,44,202,183,174,80,169,68,61,62,186,184,78,69,82,34,192,121,87,43,46,122,171,13,158,27,201,120,157,94,189,168,41,146,56,4,198,23,8,114,159,110,191,199,162,200,21,10,52,31,90,86,165,71,118,190,100,134,58,139,196,36,40,107,102,5,178,1,101,170,91,64,117,57,2,22,133,97,59,79,9,16,116,51,193,17,148,131', '7,30,152,47,103,115,83,72,33,149,123,81,93,141,15,142,65,63,156,154,119,167,18,14,11,77,106,185,45,181,42,144,143,175,92,164,124,188,50,98,132,3,140,75,109,26,70,176,48,104,105,76,20,39,150,128,153,160,96,19,108,95,89,195,35,135,38,67,66,129,147,85,29,197,127,55,113,173,37,74,179,111,99,60,138,84,166,182,172,125,25,126,54,6,24,155,187,163,177,194,145,49,136,32,112,53,137,73,151,12,28,88,180,130,161,44,202,183,174,80,169,68,61,62,186,184,78,69,82,34,192,121,87,43,46,122,171,13,158,27,201,120,157,94,189,168,41,146,56,4,198,23,8,114,159,110,191,199,162,200,21,10,52,31,90,86,165,71,118,190,100,134,58,139,196,36,40,107,102,5,178,1,101,170,91,64,117,57,2,22,133,97,59,79,9,16,116,51,193,17,148,131', '20150107-sea-timesheet--1--pdf-54ace06f696d21-02788204.pdf', '20150107-sea-timesheet--2--pdf-54ace06f69ce77-64672163.pdf', '20150107-sea-timesheet--2--pdf-54ace06f6a2620-35490482.pdf', NULL, NULL, NULL, 0, 1, '2015-01-07 06:20:03', '2015-01-07 06:29:51', ' , '),
(18, 60, 1, 'AMC', NULL, NULL, 'ÂSAS', 'Thao', 'Do', 'phong999@gmail.com', '20150107-a-tif-54acdf9587a433-94465158.tif', NULL, '142434', '22344545455', '454545454545', '45454545', 'fdfdfd', 'fdfdf', 'NSW', 'Australia', '3534', '32323', '232323', '123', 'Sydney', '30', '7,30,152,47,103,115,83,72,33,149,123,81,93,141,15,142,65,63,156,154,119,167,18,14,11,77,106,185,45,181,42,144,143,175,92,164,124,188,50,98,132,3,140,75,109,26,70,176,48,104,105,76,20,39,150,128,153,160,96,19,108,95,89,195,35,135,38,67,66,129,147,85,29,197,127,55,113,173,37,74,179,111,99,60,138,84,166,182,172,125,25,126,54,6,24,155,187,163,177,194,145,49,136,32,112,53,137,73,151,12,28,88,180,130,161,44,202,183,174,80,169,68,61,62,186,184,78,69,82,34,192,121,87,43,46,122,171,13,158,27,201,120,157,94,189,168,41,146,56,4,198,23,8,114,159,110,191,199,162,200,21,10,52,31,90,86,165,71,118,190,100,134,58,139,196,36,40,107,102,5,178,1,101,170,91,64,117,57,2,22,133,97,59,79,9,16,116,51,193,17,148,131', '20150107-desert-jpg-54acbc5a5dd050-49219187.jpg', '20150107-koala-jpg-54acbc5a5e2d38-39221704.jpg', '20150107-penguins-jpg-54acbc5a5e7dd6-38465563.jpg', NULL, NULL, NULL, 0, 1, '2015-01-07 06:26:35', '2015-01-07 06:26:35', 'Thao , Do'),
(19, 63, 1, 'Smart', NULL, NULL, 'ABN211323', 'Pham', 'GiangHa', 'PhamGiangHa@gmail.com', '20150109-admin-messagecenter-png-54af4581137d64-63339490.png', NULL, '232324', '234234234', '324234324', '34234324', '3432e3ewd', 'Mascot', 'NSW', 'Australia', '2020', 'sdsdsd', 'sdsdsd', '2323232321', 'Sydney', '7,30,152,47,103,115,83,72,33,149,123,81,93,141,15,142,65,63,156,154,119,167,18,14,11,77,106,185,45,181,42,144,143,175,92,164,124,188,50,98,132,3,140,75,109,26,70,176,48,104,105,76,20,39,150,128,153,160,96,19,108,95,89,195,35,135,38,67,66,129,147,85,29,197,127,55,113,173,37,74,179,111,99,60,138,84,166,182,172,125,25,126,54,6,24,155,187,163,177,194,145,49,136,32,112,53,137,73,151,12,28,88,180,130,161,44,202,183,174,80,169,68,61,62,186,184,78,69,82,34,192,121,87,43,46,122,171,13,158,27,201,120,157,94,189,168,41,146,56,4,198,23,8,114,159,110,191,199,162,200,21,10,52,31,90,86,165,71,118,190,100,134,58,139,196,36,40,107,102,5,178,1,101,170,91,64,117,57,2,22,133,97,59,79,9,16,116,51,193,17,148,131', '7,30,152,47,103,115,83,72,33,149,123,81,93,141,15,142,65,63,156,154,119,167,18,14,11,77,106,185,45,181,42,144,143,175,92,164,124,188,50,98,132,3,140,75,109,26,70,176,48,104,105,76,20,39,150,128,153,160,96,19,108,95,89,195,35,135,38,67,66,129,147,85,29,197,127,55,113,173,37,74,179,111,99,60,138,84,166,182,172,125,25,126,54,6,24,155,187,163,177,194,145,49,136,32,112,53,137,73,151,12,28,88,180,130,161,44,202,183,174,80,169,68,61,62,186,184,78,69,82,34,192,121,87,43,46,122,171,13,158,27,201,120,157,94,189,168,41,146,56,4,198,23,8,114,159,110,191,199,162,200,21,10,52,31,90,86,165,71,118,190,100,134,58,139,196,36,40,107,102,5,178,1,101,170,91,64,117,57,2,22,133,97,59,79,9,16,116,51,193,17,148,131', '20150109-62-png-54af45a10242e3-96041064.png', '20150109-62-png-54af45a1026483-20670640.png', '20150109-62-png-54af45a1028493-58072968.png', NULL, NULL, NULL, 0, 1, '2015-01-09 02:07:10', '2015-01-09 02:14:30', 'Pham , GiangHa'),
(20, 65, 0, NULL, 'AAAdfdfdfgggXXX', 'dfdfdfdfXXX', NULL, 'dfdfXXX', 'dfdfdfXXX', 'contactemail@gmail.com', '20150109-admin_searchpickups-png-54af508e3555c4-89360581.png', 'contactemailF@gmail.com', '45454454', '4354543454', '34543545', '3454545', 'mascot', 'Mascot', 'NSW', 'Australia', '2020', 'dddd', 'cvcv', '343543545', 'Sydney', '7,30,152,47,103,115,83,72,33,149,123,81,93,141,15,142,65,63,156,154,119,167,18,14,11,77,106,185,45,181,42,144,143,175,92,164,124,188,50,98,132,3,140,75,109,26,70,176,48,104,105,76,20,39,150,128,153,160,96,19,108,95,89,195,35,135,38,67,66,129,147,85,29,197,127,55,113,173,37,74,179,111,99,60,138,84,166,182,172,125,25,126,54,6,24,155,187,163,177,194,145,49,136,32,112,53,137,73,151,12,28,88,180,130,161,44,202,183,174,80,169,68,61,62,186,184,78,69,82,34,192,121,87,43,46,122,171,13,158,27,201,120,157,94,189,168,41,146,56,4,198,23,8,114,159,110,191,199,162,200,21,10,52,31,90,86,165,71,118,190,100,134,58,139,196,36,40,107,102,5,178,1,101,170,91,64,117,57,2,22,133,97,59,79,9,16,116,51,193,17,148,131', '7,30,152,47,103,115,83,72,33,149,123,81,93,141,15,142,65,63,156,154,119,167,18,14,11,77,106,185,45,181,42,144,143,175,92,164,124,188,50,98,132,3,140,75,109,26,70,176,48,104,105,76,20,39,150,128,153,160,96,19,108,95,89,195,35,135,38,67,66,129,147,85,29,197,127,55,113,173,37,74,179,111,99,60,138,84,166,182,172,125,25,126,54,6,24,155,187,163,177,194,145,49,136,32,112,53,137,73,151,12,28,88,180,130,161,44,202,183,174,80,169,68,61,62,186,184,78,69,82,34,192,121,87,43,46,122,171,13,158,27,201,120,157,94,189,168,41,146,56,4,198,23,8,114,159,110,191,199,162,200,21,10,52,31,90,86,165,71,118,190,100,134,58,139,196,36,40,107,102,5,178,1,101,170,91,64,117,57,2,22,133,97,59,79,9,16,116,51,193,17,148,131', '20150109-addstaff_error-png-54af50a0db9425-52349017.png', '20150109-addstaff_error-png-54af50a0dbb5e7-93295716.png', '20150109-addstaff_error-png-54af50a0dbd1b8-95136533.png', 1, 1, 1, 1, 1, '2015-01-09 02:53:58', '2015-01-09 06:41:15', 'dfdfXXX , dfdfdfXXX');

-- --------------------------------------------------------

--
-- Structure de la table `customer`
--

CREATE TABLE IF NOT EXISTS `customer` (
  `id` int(11) NOT NULL AUTO_INCREMENT,
  `auth_id` int(11) NOT NULL,
  `company_name` varchar(255) DEFAULT NULL,
  `firstname` varchar(125) DEFAULT NULL,
  `lastname` varchar(125) DEFAULT NULL,
  `abn` varchar(31) DEFAULT NULL,
  `contact_firstname` varchar(125) DEFAULT NULL,
  `contact_lastname` varchar(125) DEFAULT NULL,
  `email` varchar(63) NOT NULL,
  `image` varchar(255) DEFAULT NULL,
  `alternative_email` varchar(63) DEFAULT NULL,
  `general_number` varchar(31) DEFAULT NULL,
  `contact_number` varchar(31) DEFAULT NULL,
  `mobile` varchar(31) NOT NULL,
  `fax` varchar(31) DEFAULT NULL,
  `address` varchar(63) NOT NULL,
  `suburb` varchar(63) DEFAULT NULL,
  `customer_state` varchar(7) DEFAULT NULL,
  `country` varchar(31) DEFAULT NULL,
  `postcode` varchar(7) DEFAULT NULL,
  `card_type` tinyint(1) NOT NULL,
  `card_name` varchar(50) NOT NULL,
  `card_number` varchar(20) NOT NULL,
  `expiry_date` varchar(7) NOT NULL,
  `ccv` varchar(3) NOT NULL,
  `reference` text,
  `preferred_region` varchar(63) DEFAULT NULL,
  `preferred_pickup_address` varchar(63) DEFAULT NULL,
  `preferred_pickup_suburb` text,
  `preferred_pickup_state` varchar(7) DEFAULT NULL,
  `preferred_pickup_postcode` varchar(7) DEFAULT NULL,
  `preferred_delivery_address` varchar(63) DEFAULT NULL,
  `preferred_delivery_suburb` text,
  `preferred_delivery_state` varchar(7) DEFAULT NULL,
  `preferred_delivery_postcode` varchar(7) DEFAULT NULL,
  `created` datetime NOT NULL,
  `updated` datetime NOT NULL,
  `search_name` varchar(255) DEFAULT NULL,
  PRIMARY KEY (`id`),
  KEY `company_name` (`company_name`),
  KEY `firstname` (`firstname`),
  KEY `surname` (`lastname`),
  KEY `abn` (`abn`),
  KEY `contact_firstname` (`contact_firstname`),
  KEY `contact_lastname` (`contact_lastname`),
  KEY `email` (`email`),
  KEY `mobile` (`mobile`),
  KEY `created` (`created`)
) ENGINE=InnoDB  DEFAULT CHARSET=utf8 AUTO_INCREMENT=22 ;

--
-- Contenu de la table `customer`
--

INSERT INTO `customer` (`id`, `auth_id`, `company_name`, `firstname`, `lastname`, `abn`, `contact_firstname`, `contact_lastname`, `email`, `image`, `alternative_email`, `general_number`, `contact_number`, `mobile`, `fax`, `address`, `suburb`, `customer_state`, `country`, `postcode`, `card_type`, `card_name`, `card_number`, `expiry_date`, `ccv`, `reference`, `preferred_region`, `preferred_pickup_address`, `preferred_pickup_suburb`, `preferred_pickup_state`, `preferred_pickup_postcode`, `preferred_delivery_address`, `preferred_delivery_suburb`, `preferred_delivery_state`, `preferred_delivery_postcode`, `created`, `updated`, `search_name`) VALUES
(1, 5, NULL, 'ẻwewe', 'dsdsd', NULL, 'dsdsd', 'dsdsd', 'sdsds@fsdsdsd.com', '20141224-hydrangeas-jpg-549a310ee84855-36189647.jpg', NULL, '23232323', '232323', '01659377606', '23232323', '32323', 'Sydney city', 'NSW', 'Australia', '32323', 1, 'AA', '4032036321644922', '09/2019', '123', 'Purple Bag It - 9,10,11,12,18,19', 'Sydney', 'dsdsd', 'dsdsd', 'NSW', 'dsdsd', 'dsdsd', 'dsdsds', 'NSW', '121212', '2014-12-24 02:21:13', '2014-12-24 02:21:13', 'dsdsd , dsdsd'),
(2, 8, NULL, 'dbjv', 'xyzbm', NULL, 'sfsd', 'vdfg', 'ngantt@gmail.com', '20141224-10726826_790014894394905_757446918_n-jpg-549a37cfcb2172-62374853.jpg', 'ngantt.27@gmail.com', '2423534945', '2423534945', '2423534945', '46476867', 'sfs', 'sfds', 'NSW', 'Australia', '1234253', 1, 'fghgjgh', '1342534564562456', '08/2016', '123', 'rgfhbfgn,13,14,15,16,17,20,21,22,23', 'Sydney', 'nvbnfgn', '3564', 'NSW', '2000', 'bvbbvnb', 'ergfd ', 'NSW', '2007', '2014-12-24 02:51:03', '2014-12-24 02:56:02', 'sfsd , vdfg'),
(3, 10, NULL, 'muoi', 'do', NULL, 'muoi', 'do', 'muoidv@smartosc.com', '20141224-578614_276013975835298_332965388_n-jpg-549a4484bc6c06-57994699.jpg', 'muoidv@smartosc.com', '4534534543', '43535345', '12355788', '4535353453', 'thanh xuan', 'ha noi', 'NSW', 'Australia', '10000', 1, 'do van muoi', '123456789', '09/2019', '113', 'sm', 'Sydney', 'sm', 'sm', 'NSW', '12345', '12345', '123123', 'NSW', '123', '2014-12-24 03:44:13', '2014-12-24 03:44:13', 'muoi , do'),
(4, 11, NULL, 'dfd', 'df', NULL, 'xcv', 'cvxcvc', 'xfcdx@dfd.com', '20141224-courier_changepassword-png-549a4e9bd915e4-52620900.png', NULL, '232323', '2323234', '232423423', '334242343', 'scxcxc', 'Pyrmont', 'NSW', 'Australia', '2009', 1, 'cdxcxc', '2323232312311111', '03/2018', '222', 'PBI', 'Sydney', 'dssfdf', 'Pyrmont', 'NSW', '2009', 'w22e2w', 'Pyrmont', 'NSW', '2009', '2014-12-24 04:40:32', '2014-12-24 04:40:32', 'xcv , cvxcvc'),
(5, 13, NULL, 'muoi', 'do', NULL, 'muoi', 'do', 'muoi@smartosc.com', '20141224-578614_276013975835298_332965388_n-jpg-549a64b7549405-71712334.jpg', 'muoidv@smartosc.com', '123456', '123456', '34233423', '23423424', 'thanh xuan', 'ha noi', 'NSW', 'Australia', '10000', 1, '234234234', '3242423', '02/2017', '123', NULL, 'Sydney', 'aaa', 'aaa', 'NSW', '324', '23423', '234', 'NSW', '234', '2014-12-24 06:01:53', '2014-12-24 06:01:53', 'muoi , do'),
(6, 21, NULL, 'df', 'df', NULL, 'df', 'df', 'df@x.com', '20141224-578614_276013975835298_332965388_n-jpg-549a7321916e93-15672617.jpg', 'df@x.com', '432423', '2342343', '2342323423', '23423423', '3423', '234', 'NSW', 'Australia', '234', 1, '345345345', '3535345345', '01/2019', '345', NULL, 'Sydney', '345', '345', 'NSW', '345', '345', '345', 'NSW', '345', '2014-12-24 07:02:58', '2014-12-24 07:02:58', 'df , df'),
(7, 33, NULL, 'dsfsdfds', 'sdfdsf', NULL, 'sdfdsfdsf', 'sdfsfds', 'customerNOEL@gmail.com', '20141224-customerregistration-png-549a8bae65ce62-08001052.png', 'customerNOEL@gmail.com', '32423434', '34343434', '35435345435', '34343433', 'Chippendale', 'Chippendale', 'NSW', 'Australia', '2008', 1, 'muoimo', '4032036321644922', '09/2019', '333', 'Purple Bag It - 24', 'Sydney', 'Chippendale', 'Chippendale', 'NSW', '2008', 'Chippendale', 'Chippendale', 'NSW', '2008', '2014-12-24 08:48:49', '2014-12-24 08:48:49', 'sdfdsfdsf , sdfsfds'),
(8, 34, NULL, 'cust', 'cust', NULL, 'cust', 'cust', 'cust@gmail.com', '20141224-error-book-pickup-png-549a91ea902673-83358511.png', 'cust@gmail.com', '1111111', '111111', '111111', '11111111', '1111111', '111111', 'NSW', 'Australia', '111111', 1, '11111', '4032036321644922', '09/2019', '113', NULL, 'Sydney', '1111', '1123', 'NSW', '1231', '1111', '1111', 'NSW', '1233', '2014-12-24 09:14:52', '2014-12-24 09:14:52', 'cust , cust'),
(9, 35, NULL, 'sdcxcx', 'xcxc', NULL, 'xcxcc- ', 'xcxvxv', 'czxcx@sd.com', '20141224-62-png-549a9c81a4ffe8-36259076.png', NULL, '324343432', '3434343111', '343243243111', '343242343111', 'wdfdfdf111', 'Chippendale', 'NSW', 'Australia', '2008', 1, '4032036321644922', '2323232', '09/2019', '223', 'Purple Bag It - 25,26', 'Sydney', 'Chippendale', 'Chippendale', 'NSW', '2008', 'Chippendale', 'Chippendale', 'NSW', '2008', '2014-12-24 09:59:44', '2014-12-24 10:03:27', 'xcxcc-  , xcxvxv'),
(10, 36, NULL, 'cccsss', 'cccsss', NULL, 'cccsss', 'cccsss', 'cccsss@df.com', '20141224-62-png-549aa1191a2182-13877104.png', 'cccsss@df.com', '3242342343', '2342343243', '2342343243', '2342343243', '2323', 'Chippendale', 'NSW', 'Australia', '2008', 1, 'sdsd', '4032036321644922', '09/2019', '333', 'Purple Bag It - 27,28', 'Sydney', 'sdsdss', 'Chippendale', 'NSW', '2008', 'scxcx', 'Chippendale', 'NSW', '2008', '2014-12-24 10:19:15', '2014-12-24 10:19:15', 'cccsss , cccsss'),
(11, 41, NULL, 'customertoday', 'customertoday', NULL, 'customertoday', 'customertoday', 'customertoday@gmail.com', '20141225-974739491_558608384_574_574-jpg-549bb51d5dcd34-02046210.jpg', 'customertoday@gmail.com', '245454545', '456454646', '45446665656', '4544666-466', 'cdsdhjdh', 'Ultimo', 'NSW', 'Australia', '2007', 1, 'hanhhoa', '4032036321644922', '09/2020', '444', 'Purple Bag It - 29,30', 'Sydney', 'Ultimo-23232', 'Ultimo', 'NSW', '2007', 'Ultimo-322', 'Ultimo', 'NSW', '2007', '2014-12-25 05:57:08', '2014-12-25 05:57:08', 'customertoday , customertoday'),
(12, 43, NULL, 'Robert', 'Barac', NULL, 'remove', 'remove', 'rob.barac@barcom.com.au', '20141228-my-bobber-png-549fdcadc9d329-18343727.png', NULL, '00000000', '0474148612', '0474148612', '00000000', 'test st', 'testville', 'NSW', 'Australia', '2011', 1, 'Name on Card', '1234567812345678', '07/2017', '190', 'Purple Bag It - 31,32', 'Sydney', 'wws', 'xsw', 'NSW', '2000', 'ew', 'w', 'NSW', '3000', '2014-12-28 09:38:19', '2014-12-28 09:38:19', 'remove , remove'),
(13, 47, NULL, 'Test ', 'Customer', NULL, 'Pramod', 'Rishal', 'pramod_rishal@hotmail.com', '20141230-melbourne-jpg-54a212bc0deb95-01479327.jpg', 'pramod_rishal@hotmail.com', '+61450658385', '+61450658385', '+61450658385', '123123', '4/19-21 Susan Street,', 'Sydney', 'NSW', 'Australia', '2144', 1, 'Pramod', '11112213123123123123', '11/2014', '123', 'Purple Bag It - 33,34,35', 'Sydney', 'Susan St', 'Auburn', 'NSW', '2144', 'test', 'Auburn', 'NSW', '2144', '2014-12-30 01:51:50', '2014-12-30 01:51:50', 'Pramod , Rishal'),
(14, 49, NULL, 'VanHong', 'VanHong', NULL, 'VanHong', 'VanHong', 'vanhong@gmail.com', '20150106-974739491_558608384_574_574-jpg-54ab8c14a721d7-20506537.jpg', NULL, NULL, '2323223', '343242343', '34343434', 'fdfdg', 'Woollahra', 'NSW', 'Australia', '2025', 1, 'gấmm', '1234123412341234', '09/2024', '443', NULL, 'Sydney', 'Woollahra', 'Woollahra', 'NSW', '2025', 'Woollahra', 'Woollahra', 'NSW', '2025', '2015-01-06 06:18:15', '2015-01-06 06:18:15', 'VanHong , VanHong'),
(15, 50, NULL, 'VanHong', 'VanHong', NULL, 'VanHong', 'VanHong', 'vanhong_test@gmail.com', '20150106-29-jpg-54ab8e04812eb3-42424766.jpg', NULL, NULL, '343434', '3443435', '343535', 'Woollahra', 'Woollahra', 'NSW', 'Australia', '2025', 1, 'cfsdf', '1234123412341234', '10/2018', '555', NULL, 'Sydney', 'Woollahra', 'Woollahra', 'NSW', '2025', 'Woollahra', 'Woollahra', 'NSW', '2025', '2015-01-06 06:26:22', '2015-01-06 06:26:22', 'VanHong , VanHong'),
(16, 51, NULL, 'vanhong', 'vanhong', NULL, 'vanhong', 'vanhong', 'vanhong_test0@gmail.com', '20150106-29-jpg-54ab8f66807321-91352634.jpg', NULL, NULL, '34343435', '4354545', '43535345', 'Woollahra', 'Woollahra', 'NSW', 'Australia', '2025', 1, 'sadsds', '4444422255222255', '04/2017', '222', NULL, 'Sydney', 'Woollahra', 'Woollahra', 'NSW', '2025', 'Woollahra', 'Woollahra', 'NSW', '2025', '2015-01-06 06:33:15', '2015-01-06 06:33:15', 'vanhong , vanhong'),
(17, 54, NULL, 'Duc', 'Nguyen', NULL, 'Duc', 'Nguyen', 'customer234234@gmail.com', '20150106-apps-fl-studio-metro-icon-png-54ab952dbd5172-31975316.png', NULL, NULL, '890980', '+84973697410', '89090890', 'theldk ksdf', 'Bondi', 'NSW', 'Australia', '100000', 1, 'fhfhhfgh', '78786787687', '02/2023', '123', 'Purple Bag It - 36,37', 'Sydney', 'sdf', 'Sdf', 'NSW', '123123', '266 Doi Can - Tu Liem - Hanoi - Vietnam', 'Hanoi', 'NSW', '1234234', '2015-01-06 06:56:49', '2015-01-06 07:31:06', 'Duc , Nguyen'),
(18, 56, NULL, 'Duc', 'Nguyen', NULL, 'Duc', 'Nguyen', 'sdfsdfsdfsdfdfdf@gmail.com', '20150106-test-tiff-54ab98b42de682-89947606.tiff', NULL, NULL, '+84973697410', '+84973697410', '89090890', '266 Doi Can - Tu Liem - Hanoi - Vietnam', 'Hanoi', 'NSW', 'Australia', '100000', 1, '12345612', '123456', '04/2020', '456', NULL, 'Sydney', '266 Doi Can - Tu Liem - Hanoi - Vietnam', 'Hanoi', 'NSW', '100000', '266 Doi Can - Tu Liem - Hanoi - Vietnam', 'Hanoi', 'NSW', '100000', '2015-01-06 07:11:50', '2015-01-06 07:11:50', 'Duc , Nguyen'),
(19, 61, NULL, 'hoangha', 'nguyen', NULL, 'hoangha', 'nguyen', 'nguyenhoangha@gmail.com', '20150108-admin-messagecenter-png-54ae6345517387-53274005.png', NULL, NULL, '4335343', '3453454354', '3434343', 'mascot', 'mascot', 'NSW', 'Australia', '2020', 1, 'dfdfdffd', '34343434344', '03/2017', '333', NULL, NULL, NULL, NULL, NULL, NULL, NULL, NULL, NULL, NULL, '2015-01-08 10:00:21', '2015-01-08 10:00:21', 'hoangha , nguyen'),
(20, 62, NULL, 'hoangha-', 'nguyen-', NULL, 'hoangha-', 'nguyen-', 'nguyenhoangha123@gmail.com', '20150108-62-png-54ae66072a7414-63950327.png', NULL, NULL, '3434323', '2343423', '34343423', '-------', '-------', 'NSW', 'Australia', '2020', 1, 'dfdsfdf', '2323232432340', '08/2018', '333', NULL, NULL, NULL, NULL, NULL, NULL, NULL, NULL, NULL, NULL, '2015-01-08 10:08:21', '2015-01-08 10:15:37', 'hoangha- , nguyen-'),
(21, 64, NULL, 'hahuongXXX', 'phamXXX', NULL, 'hahuongXXX', 'phamXXX', 'phamhahuong@gmail.com', '20150109-adminpage_basedataconfiguration-png-54af4a5454a2b6-97923073.png', NULL, NULL, '123456789111', '147852369111', '225888885111', 'Mascot', 'Mascot', 'NSW', 'Australia', '2020', 1, 'name0901', '4545454545454454545', '02/2015', '444', 'Purple Bag It - 38,39,40', NULL, NULL, NULL, NULL, NULL, NULL, NULL, NULL, NULL, '2015-01-09 02:26:12', '2015-01-09 06:30:46', 'hahuongXXX , phamXXX');

-- --------------------------------------------------------

--
-- Structure de la table `message`
--

CREATE TABLE IF NOT EXISTS `message` (
  `id` int(11) NOT NULL AUTO_INCREMENT,
  `message_type` tinyint(1) NOT NULL,
  `from_login_id` int(11) NOT NULL,
  `to_login_id` varchar(255) NOT NULL,
  `pickup_id` int(11) NOT NULL,
  `content` varchar(511) NOT NULL,
  `created` datetime NOT NULL,
  `is_read` tinyint(1) NOT NULL,
  `reader` text,
  PRIMARY KEY (`id`),
  KEY `message_type` (`message_type`),
  KEY `from_login_id` (`from_login_id`),
  KEY `to_login_id` (`to_login_id`),
  KEY `pickup_id` (`pickup_id`),
  KEY `content` (`content`(255)),
  KEY `created` (`created`)
) ENGINE=InnoDB  DEFAULT CHARSET=utf8 AUTO_INCREMENT=18 ;

--
-- Contenu de la table `message`
--

INSERT INTO `message` (`id`, `message_type`, `from_login_id`, `to_login_id`, `pickup_id`, `content`, `created`, `is_read`, `reader`) VALUES
(1, 2, 5, '', 1, 'dfgdhdrh', '2014-12-24 14:24:27', 0, '0'),
(2, 1, 1, '6,4,3', 0, 'hhhh', '2014-12-24 15:04:41', 0, '0,1,6'),
(3, 1, 1, '5', 0, 'phong tos', '2014-12-24 15:18:44', 0, '0,5'),
(4, 1, 1, '-3', 0, 'abc', '2014-12-24 15:18:52', 0, '0,9,1,19,38'),
(5, 2, 8, '', 17, 'vghngvjgj', '2014-12-24 18:27:45', 0, '0'),
(6, 2, 8, '', 17, 'sfsdfsdf', '2014-12-24 18:28:09', 0, '0'),
(7, 1, 38, '32,31,29,28,27,26,25,23,22,20,19,18,17,16,15,14,12,9,1,35,34,33,21,13,11,10,8,5,-2', 0, 'All are connected', '2014-12-24 22:31:14', 0, '0,38,1,45,42,6,46,65'),
(8, 1, 1, '-3,-1,-2', 0, 'Create new message to courier / customer', '2014-12-29 21:06:49', 0, '0,42,6,47,46,1,65'),
(9, 2, 6, '41', 29, 'Hello', '2014-12-29 21:14:37', 0, '0'),
(10, 2, 42, '41', 30, 'Hello', '2014-12-29 21:19:29', 0, '0'),
(11, 2, 42, '41', 30, 'I''d like to..', '2014-12-29 21:21:59', 0, '0'),
(12, 2, 47, '', 33, 'test message for active pickup', '2014-12-30 13:55:15', 0, '0'),
(13, 1, 1, '-1', 0, 'test message to pramod', '2014-12-30 14:00:28', 0, '0,47'),
(14, 2, 46, '47', 33, 'reply from courier', '2014-12-30 14:27:59', 0, '47'),
(15, 1, 1, '57', 0, 'Welcome ! Courier !', '2015-01-06 19:29:32', 0, '0'),
(16, 1, 1, '46', 0, 'Welcome ! Courier !', '2015-01-06 20:55:28', 0, '0'),
(17, 1, 1, '65', 0, 'Welcome ! Courier !', '2015-01-09 15:31:39', 0, '0,65');

-- --------------------------------------------------------

--
-- Structure de la table `pickup`
--

CREATE TABLE IF NOT EXISTS `pickup` (
  `id` int(11) NOT NULL AUTO_INCREMENT,
  `customer_id` int(11) NOT NULL,
  `courier_id` int(11) DEFAULT NULL,
  `status` tinyint(2) DEFAULT NULL,
  `awaiting_active_time` datetime NOT NULL,
  `assigned_active_time` datetime DEFAULT NULL,
  `picked_up_active_time` datetime DEFAULT NULL,
  `delivered_active_time` datetime DEFAULT NULL,
  `cancelled_active_time` datetime DEFAULT NULL,
  `accepted_active_time` datetime DEFAULT NULL,
  `rated_active_time` datetime DEFAULT NULL,
  `from_address` varchar(255) NOT NULL,
  `to_address` varchar(255) NOT NULL,
  `detail` varchar(511) DEFAULT NULL,
  `note_from_address` varchar(511) DEFAULT NULL,
  `note_to_address` varchar(511) DEFAULT NULL,
  `preferred_pickup_datetime` datetime DEFAULT NULL,
  `base_charge_fee` double(5,2) DEFAULT NULL,
  `delivery_signature_fee` double(5,2) DEFAULT NULL,
  `delivery_insure_fee` double(5,2) DEFAULT NULL,
  `credit_fee` double(5,2) DEFAULT NULL,
  `cancel_fee` double(5,2) DEFAULT NULL,
  `total_fee` double(5,2) DEFAULT NULL,
  `courier_rate_flag` tinyint(1) DEFAULT NULL,
  `customer_note` varchar(511) DEFAULT NULL,
  `courier_note` varchar(511) DEFAULT NULL,
  `created` datetime NOT NULL,
  `updated` datetime NOT NULL,
  `search_urbs` varchar(511) DEFAULT NULL,
  PRIMARY KEY (`id`),
  KEY `customer_id` (`customer_id`),
  KEY `courier_id` (`courier_id`),
  KEY `status` (`status`),
  KEY `from_address` (`from_address`),
  KEY `to_address` (`to_address`),
  KEY `created` (`created`)
) ENGINE=InnoDB  DEFAULT CHARSET=utf8 AUTO_INCREMENT=41 ;

--
-- Contenu de la table `pickup`
--

INSERT INTO `pickup` (`id`, `customer_id`, `courier_id`, `status`, `awaiting_active_time`, `assigned_active_time`, `picked_up_active_time`, `delivered_active_time`, `cancelled_active_time`, `accepted_active_time`, `rated_active_time`, `from_address`, `to_address`, `detail`, `note_from_address`, `note_to_address`, `preferred_pickup_datetime`, `base_charge_fee`, `delivery_signature_fee`, `delivery_insure_fee`, `credit_fee`, `cancel_fee`, `total_fee`, `courier_rate_flag`, `customer_note`, `courier_note`, `created`, `updated`, `search_urbs`) VALUES
(1, 5, NULL, 7, '2014-12-24 14:24:09', NULL, NULL, NULL, '2014-12-24 14:24:41', NULL, NULL, 'Sydney, New South Wales, Australia', 'Sedney 2000, Manila, Metro Manila, Philippines', NULL, '', '', '2014-12-25 02:15:09', 7.00, 2.00, 5.00, 0.35, NULL, 14.35, NULL, NULL, NULL, '2014-12-24 14:24:09', '2014-12-24 14:24:41', 'Sydney, New South Wales, Australia , Sedney 2000, Manila, Metro Manila, Philippines'),
(2, 5, NULL, 1, '2014-12-24 14:25:09', '2014-12-24 15:10:50', NULL, NULL, NULL, NULL, NULL, 'dsdsd dsdsd NSW dsdsd', 'dsdsd dsdsds NSW 121212', NULL, '', '', '2014-12-24 14:25:09', 7.00, 0.00, 0.00, 0.18, NULL, 7.17, NULL, NULL, NULL, '2014-12-24 14:25:09', '2014-12-24 15:14:09', 'dsdsd dsdsd NSW dsdsd , dsdsd dsdsds NSW 121212'),
(3, 5, 7, 4, '2014-12-24 14:26:34', '2014-12-24 19:29:58', '2014-12-24 20:25:25', '2014-12-24 20:25:39', NULL, NULL, NULL, 'Sydney NSW, Australia', 'Australia Avenue, Sydney Olympic Park NSW 2127, Australia', NULL, '', '', '2014-12-27 03:15:34', 7.00, 0.00, 0.00, 0.18, NULL, 7.17, NULL, NULL, NULL, '2014-12-24 14:26:34', '2014-12-24 20:25:39', 'Sydney NSW, Australia , Australia Avenue, Sydney Olympic Park NSW 2127, Australia'),
(4, 5, NULL, 1, '2014-12-24 14:38:42', '2014-12-24 15:33:23', NULL, NULL, NULL, NULL, NULL, 'dsdsd dsdsd NSW dsdsd', 'dsdsd dsdsds NSW 121212', NULL, '', '', '2014-12-24 14:38:42', 7.00, 0.00, 0.00, 0.18, NULL, 7.17, NULL, NULL, NULL, '2014-12-24 14:38:42', '2014-12-24 15:36:25', 'dsdsd dsdsd NSW dsdsd , dsdsd dsdsds NSW 121212'),
(5, 5, NULL, 1, '2014-12-24 15:57:54', NULL, NULL, NULL, NULL, NULL, NULL, 'Ultimo NSW 2007, Australia', 'Sydney Olympic Park NSW, Australia', NULL, '', '', '2014-12-26 12:30:54', 7.00, 2.00, 5.00, 0.35, NULL, 14.35, NULL, NULL, NULL, '2014-12-24 15:57:54', '2014-12-24 15:57:54', 'Ultimo NSW 2007, Australia , Sydney Olympic Park NSW, Australia'),
(6, 5, NULL, 1, '2014-12-24 16:01:22', NULL, NULL, NULL, NULL, NULL, NULL, 'dsdsd dsdsd NSW dsdsd', 'dsdsd dsdsds NSW 121212', NULL, '', '', '2014-12-24 16:01:22', 7.00, 0.00, 0.00, 0.18, NULL, 7.17, NULL, NULL, NULL, '2014-12-24 16:01:22', '2014-12-24 16:01:22', 'dsdsd dsdsd NSW dsdsd , dsdsd dsdsds NSW 121212'),
(7, 5, NULL, 1, '2014-12-24 16:04:54', NULL, NULL, NULL, NULL, NULL, NULL, 'dsdsd dsdsd NSW dsdsd', 'dsdsd dsdsds NSW 121212', NULL, '', '', '2014-12-24 16:04:54', 7.00, 0.00, 0.00, 0.18, NULL, 7.17, NULL, NULL, NULL, '2014-12-24 16:04:54', '2014-12-24 16:04:54', 'dsdsd dsdsd NSW dsdsd , dsdsd dsdsds NSW 121212'),
(8, 5, NULL, 1, '2014-12-24 16:06:36', NULL, NULL, NULL, NULL, NULL, NULL, 'dsdsd dsdsd NSW dsdsd', 'dsdsd dsdsds NSW 121212', NULL, '', '', '2014-12-24 16:06:36', 7.00, 2.00, 5.00, 0.35, NULL, 14.35, NULL, NULL, NULL, '2014-12-24 16:06:36', '2014-12-24 16:06:36', 'dsdsd dsdsd NSW dsdsd , dsdsd dsdsds NSW 121212'),
(9, 5, NULL, 1, '2014-12-24 16:22:52', NULL, NULL, NULL, NULL, NULL, NULL, 'dsdsd dsdsd NSW dsdsd', 'dsdsd dsdsds NSW 121212', NULL, '', '', '2014-12-24 16:22:52', 7.00, 2.00, 5.00, 0.35, NULL, 14.35, NULL, NULL, NULL, '2014-12-24 16:22:52', '2014-12-24 16:22:52', 'dsdsd dsdsd NSW dsdsd , dsdsd dsdsds NSW 121212'),
(10, 5, NULL, 1, '2014-12-24 16:23:12', NULL, NULL, NULL, NULL, NULL, NULL, 'dsdsd dsdsd NSW dsdsd', 'dsdsd dsdsds NSW 121212', NULL, '', '', '2014-12-24 16:23:12', 7.00, 2.00, 5.00, 0.35, NULL, 14.35, NULL, NULL, NULL, '2014-12-24 16:23:12', '2014-12-24 16:23:12', 'dsdsd dsdsd NSW dsdsd , dsdsd dsdsds NSW 121212'),
(11, 5, NULL, 1, '2014-12-24 16:28:26', NULL, NULL, NULL, NULL, NULL, NULL, 'dsdsd dsdsd NSW dsdsd', 'dsdsd dsdsds NSW 121212', NULL, '', '', '2014-12-24 16:28:26', 7.00, 0.00, 0.00, 0.18, NULL, 7.17, NULL, NULL, NULL, '2014-12-24 16:28:26', '2014-12-24 16:28:26', 'dsdsd dsdsd NSW dsdsd , dsdsd dsdsds NSW 121212'),
(12, 5, NULL, 1, '2014-12-24 16:28:36', NULL, NULL, NULL, NULL, NULL, NULL, 'dsdsd dsdsd NSW dsdsd', 'dsdsd dsdsds NSW 121212', NULL, '', '', '2014-12-24 16:28:36', 7.00, 2.00, 5.00, 0.35, NULL, 14.35, NULL, NULL, NULL, '2014-12-24 16:28:36', '2014-12-24 16:28:36', 'dsdsd dsdsd NSW dsdsd , dsdsd dsdsds NSW 121212'),
(13, 8, NULL, 7, '2014-12-24 17:48:23', NULL, NULL, NULL, '2014-12-24 17:56:18', NULL, NULL, 'Sydney NSW 2000, Australia', 'Sydney NSW 2017, Australia', NULL, 'jb', '', '2014-12-25 11:15:23', 7.00, 2.00, 0.00, 0.22, NULL, 9.22, NULL, NULL, NULL, '2014-12-24 17:48:23', '2014-12-24 17:56:18', 'Sydney NSW 2000, Australia , Sydney NSW 2017, Australia'),
(14, 8, NULL, 1, '2014-12-24 17:55:34', NULL, NULL, NULL, NULL, NULL, NULL, 'nvbnfgn 3564 NSW 2022', 'bvbbvnb ergfd  NSW 2017', NULL, '', '', '2014-12-24 17:55:34', 7.00, 0.00, 0.00, 0.18, NULL, 7.17, NULL, NULL, NULL, '2014-12-24 17:55:34', '2014-12-24 17:55:34', 'nvbnfgn 3564 NSW 2022 , bvbbvnb ergfd  NSW 2017'),
(15, 8, NULL, 1, '2014-12-24 17:56:53', NULL, NULL, NULL, NULL, NULL, NULL, 'nvbnfgn 3564 NSW 2021', 'bvbbvnb ergfd  NSW 2028', NULL, '', 'dfgdgd', '2014-12-24 17:56:53', 7.00, 0.00, 0.00, 0.18, NULL, 7.17, NULL, NULL, NULL, '2014-12-24 17:56:53', '2014-12-24 17:56:53', 'nvbnfgn 3564 NSW 2021 , bvbbvnb ergfd  NSW 2028'),
(16, 8, NULL, 1, '2014-12-24 17:58:05', NULL, NULL, NULL, NULL, NULL, NULL, 'Sydney NSW 2018, Australia', 'Sydney NSW 2023, Australia', NULL, '', 'ABCCCCCCCCCCCCCCCCCC', '2014-12-24 17:58:05', 7.00, 0.00, 0.00, 0.18, NULL, 7.17, NULL, NULL, NULL, '2014-12-24 17:58:05', '2014-12-24 19:26:07', 'Sydney NSW 2018, Australia , Sydney NSW 2023, Australia'),
(17, 8, 6, 4, '2014-12-24 18:00:19', '2014-12-24 18:41:42', '2014-12-24 19:07:13', '2014-12-24 19:07:44', NULL, NULL, NULL, 'nvbnfgn 3564 NSW 2000', 'uhnnnnn 3564 NSW 2000', NULL, '', '', '2014-12-24 18:00:19', 7.00, 0.00, 5.00, 0.30, NULL, 12.30, 1, NULL, 'LIKE LIKE LIKE LIKE', '2014-12-24 18:00:19', '2015-01-08 14:24:07', 'nvbnfgn 3564 NSW 2000 , uhnnnnn 3564 NSW 2000'),
(18, 5, NULL, 1, '2014-12-24 19:13:16', NULL, NULL, NULL, NULL, NULL, NULL, 'dsdsd dsdsd NSW dsdsd', 'dsdsd dsdsds NSW 121212', NULL, '', '', '2014-12-24 19:13:16', 7.00, 2.00, 5.00, 0.35, NULL, 14.35, NULL, NULL, NULL, '2014-12-24 19:13:16', '2014-12-24 19:13:16', 'dsdsd dsdsd NSW dsdsd , dsdsd dsdsds NSW 121212'),
(19, 5, 7, 3, '2014-12-24 19:13:28', '2014-12-24 19:35:24', '2014-12-24 19:35:50', NULL, NULL, NULL, NULL, 'Massachusetts, USA', 'New York, NY, USA', NULL, '', '', '2014-12-24 19:13:28', 7.00, 2.00, 5.00, 0.35, NULL, 14.35, NULL, NULL, NULL, '2014-12-24 19:13:28', '2014-12-24 19:35:50', 'Massachusetts, USA , New York, NY, USA'),
(20, 8, NULL, 1, '2014-12-24 19:28:08', '2014-12-24 19:39:46', NULL, NULL, NULL, NULL, NULL, 'Truong 3564 NSW 2017', 'Trang ergfd  NSW 2007', NULL, '', '', '2014-12-24 19:28:08', 7.00, 0.00, 0.00, 0.18, NULL, 7.18, NULL, NULL, NULL, '2014-12-24 19:28:08', '2014-12-24 19:50:05', 'Truong 3564 NSW 2017 , Trang ergfd  NSW 2007'),
(21, 8, 24, 2, '2014-12-24 19:44:14', '2014-12-24 19:50:41', NULL, NULL, NULL, NULL, NULL, 'nnnnnnnnnnnn 3564 NSW 2000', 'Aaaaaaaaaa NSW 2017', NULL, '', '', '2014-12-24 19:44:14', 7.00, 0.00, 0.00, 0.18, NULL, 7.18, NULL, NULL, NULL, '2014-12-24 19:44:14', '2014-12-24 19:50:41', 'nnnnnnnnnnnn 3564 NSW 2000 , Aaaaaaaaaa NSW 2017'),
(22, 8, 30, 2, '2014-12-24 19:54:10', '2014-12-24 20:09:00', NULL, NULL, NULL, NULL, NULL, 'abccc3564 NSW 2000', 'dvvvvvv NSW 2007', NULL, '', '', '2014-12-24 19:54:10', 7.00, 0.00, 0.00, 0.18, NULL, 7.18, NULL, NULL, NULL, '2014-12-24 19:54:10', '2014-12-24 20:09:00', 'abccc3564 NSW 2000 , dvvvvvv NSW 2007'),
(23, 8, NULL, 1, '2014-12-24 20:12:05', NULL, NULL, NULL, NULL, NULL, NULL, 'nvbnfgn 3564 NSW 121212', 'bvbbvnb ergfd  NSW 121212', NULL, '', '', '2014-12-25 20:12:05', 7.00, 0.00, 0.00, 0.18, NULL, 7.18, NULL, NULL, NULL, '2014-12-24 20:12:05', '2014-12-24 20:12:05', 'nvbnfgn 3564 NSW 121212 , bvbbvnb ergfd  NSW 121212'),
(24, 33, NULL, 1, '2014-12-24 20:53:11', NULL, NULL, NULL, NULL, NULL, NULL, 'Chippendale Chippendale NSW 2008', 'Chippendale Chippendale NSW 2008', NULL, 'Chippendale', 'Chippendale', '2014-12-24 21:45:11', 7.00, 2.00, 5.00, 0.35, NULL, 14.35, NULL, NULL, NULL, '2014-12-24 20:53:11', '2014-12-24 20:53:11', 'Chippendale Chippendale NSW 2008 , Chippendale Chippendale NSW 2008'),
(25, 35, NULL, 1, '2014-12-24 22:01:08', NULL, NULL, NULL, NULL, NULL, NULL, 'Chippendale Chippendale NSW 2008', 'Chippendale Chippendale NSW 2008', NULL, 'Chippendale21213', 'Chippendale21213', '2014-12-25 11:15:08', 7.00, 2.00, 5.00, 0.35, NULL, 14.35, NULL, NULL, NULL, '2014-12-24 22:01:08', '2014-12-24 22:01:08', 'Chippendale Chippendale NSW 2008 , Chippendale Chippendale NSW 2008'),
(26, 35, NULL, 1, '2014-12-24 22:01:25', NULL, NULL, NULL, NULL, NULL, NULL, 'Chippendale Chippendale NSW 2008', 'Chippendale Chippendale NSW 2008', NULL, 'Chippendale21213', 'Chippendale2121323213', '2014-12-25 10:30:25', 7.00, 0.00, 0.00, 0.18, NULL, 7.18, NULL, NULL, NULL, '2014-12-24 22:01:25', '2014-12-24 22:01:25', 'Chippendale Chippendale NSW 2008 , Chippendale Chippendale NSW 2008'),
(27, 36, NULL, 1, '2014-12-24 22:22:22', NULL, NULL, NULL, NULL, NULL, NULL, 'sdsdss Chippendale NSW 2008', 'scxcx Chippendale NSW 2008', NULL, 'ccc', 'xcxv', '2014-12-25 15:15:22', 7.00, 2.00, 5.00, 0.35, NULL, 14.35, NULL, NULL, NULL, '2014-12-24 22:22:22', '2014-12-24 22:22:22', 'sdsdss Chippendale NSW 2008 , scxcx Chippendale NSW 2008'),
(28, 36, 37, 2, '2014-12-24 22:22:38', '2014-12-25 10:02:59', NULL, NULL, NULL, NULL, NULL, 'sdsdss Chippendale NSW 2008', 'scxcx Chippendale NSW 2008', NULL, 'dsfcds', 'dfdf', '2014-12-26 14:00:38', 7.00, 2.00, 0.00, 0.23, NULL, 9.23, NULL, NULL, NULL, '2014-12-24 22:22:38', '2014-12-25 10:02:59', 'sdsdss Chippendale NSW 2008 , scxcx Chippendale NSW 2008'),
(29, 41, 6, 4, '2014-12-25 18:05:31', '2014-12-29 21:14:20', '2014-12-29 21:15:16', '2015-01-08 14:24:40', NULL, NULL, NULL, 'Ultimo Road, Ultimo NSW 2007, Australia', 'Ultimo Pedestrian Network, Ultimo NSW 2007, Australia', NULL, 'book pickup on 25-12-edit', 'booking pickup on 25-12-edit', '2014-12-26 11:15:31', 7.00, 0.00, 0.00, 0.18, NULL, 7.18, 1, NULL, 'WHOOOOO', '2014-12-25 18:05:31', '2015-01-08 14:25:11', 'Ultimo Road, Ultimo NSW 2007, Australia , Ultimo Pedestrian Network, Ultimo NSW 2007, Australia'),
(30, 41, 42, 3, '2014-12-25 18:06:44', '2014-12-25 18:41:07', '2014-12-25 18:41:37', NULL, NULL, NULL, NULL, 'Ultimo-23232 Ultimo NSW 2007', 'Ultimo-322 Ultimo NSW 2007', NULL, 'dcdsd', 'sddsfd', '2014-12-25 18:06:44', 7.00, 2.00, 5.00, 0.35, NULL, 14.35, NULL, NULL, NULL, '2014-12-25 18:06:44', '2014-12-25 18:41:37', 'Ultimo-23232 Ultimo NSW 2007 , Ultimo-322 Ultimo NSW 2007'),
(31, 43, NULL, 1, '2014-12-28 21:41:28', NULL, NULL, NULL, NULL, NULL, NULL, '19A Tusculum Street, Potts Point NSW 2011, Australia', '60 Clarence Street, Sydney NSW 2000, Australia', NULL, 'front door is security', 'man is deaf. hit him with stick', '2014-12-29 04:15:28', 7.00, 2.00, 0.00, 0.23, NULL, 9.23, NULL, NULL, NULL, '2014-12-28 21:41:28', '2014-12-28 21:46:15', '19A Tusculum Street, Potts Point NSW 2011, Australia , 60 Clarence Street, Sydney NSW 2000, Australia'),
(32, 43, NULL, 1, '2014-12-28 21:45:38', NULL, NULL, NULL, NULL, NULL, NULL, '8/60 Shirley Road, Wollstonecraft NSW 2065, Australia', '60 Clarence Street, Sydney NSW 2000, Australia', NULL, 'I am naked', 'Door locked. plase ring bell', '2014-12-28 23:45:38', 7.00, 2.00, 5.00, 0.35, NULL, 14.35, NULL, NULL, NULL, '2014-12-28 21:45:38', '2014-12-28 21:45:38', '8/60 Shirley Road, Wollstonecraft NSW 2065, Australia , 60 Clarence Street, Sydney NSW 2000, Australia'),
(33, 47, 46, 2, '2014-12-30 13:53:59', '2014-12-30 14:25:39', NULL, NULL, NULL, NULL, NULL, 'Bondi Beach NSW 2026, Australia', 'Highgate Street, Auburn NSW 2144, Australia', NULL, 'this is the test pickup note', 'this is the test delivery location note', '2014-12-31 11:30:59', 7.00, 2.00, 5.00, 0.35, NULL, 14.35, NULL, NULL, NULL, '2014-12-30 13:53:59', '2014-12-30 14:25:39', 'Bondi Beach NSW 2026, Australia , Highgate Street, Auburn NSW 2144, Australia'),
(34, 47, 46, 7, '2014-12-30 14:10:54', '2014-12-30 14:17:33', NULL, NULL, '2014-12-30 14:21:34', NULL, NULL, 'Susan Street, Auburn NSW 2144, Australia', 'Auburn Road, Auburn NSW 2144, Australia', NULL, 'test pickup note ', 'test', '2014-12-31 12:30:54', 7.00, 0.00, 0.00, 0.18, 1.44, 7.18, NULL, NULL, NULL, '2014-12-30 14:10:54', '2014-12-30 14:21:34', 'Susan Street, Auburn NSW 2144, Australia , Auburn Road, Auburn NSW 2144, Australia'),
(35, 47, NULL, 1, '2014-12-30 14:42:29', NULL, NULL, NULL, NULL, NULL, NULL, 'Susan Street, Auburn NSW 2144, Australia', 'Auburn Road, Auburn NSW 2144, Australia', NULL, 'test 3', 'test 3 ', '2014-12-31 14:45:29', 7.00, 0.00, 0.00, 0.18, NULL, 7.18, NULL, NULL, NULL, '2014-12-30 14:42:29', '2014-12-30 14:42:54', 'Susan Street, Auburn NSW 2144, Australia , Auburn Road, Auburn NSW 2144, Australia'),
(36, 54, NULL, 1, '2015-01-06 19:27:58', NULL, NULL, NULL, NULL, NULL, NULL, 'Bondi Beach NSW 2026, Australia', 'Bondi Beach NSW 2026, Australia', NULL, 'sdsd', 'ds', '2015-01-07 13:30:58', 7.00, 2.00, 5.00, 0.35, NULL, 14.35, NULL, NULL, NULL, '2015-01-06 19:27:58', '2015-01-06 19:27:58', 'Bondi Beach NSW 2026, Australia , Bondi Beach NSW 2026, Australia'),
(37, 54, NULL, 1, '2015-01-06 19:28:32', NULL, NULL, NULL, NULL, NULL, NULL, 'Bondi Road, Bondi Beach NSW 2026, Australia', 'Bondi Beach NSW 2026, Australia', NULL, 'sddsdd', 'sdd', '2015-01-12 13:15:32', 7.00, 2.00, 5.00, 0.35, NULL, 14.35, NULL, NULL, NULL, '2015-01-06 19:28:32', '2015-01-06 19:28:32', 'Bondi Road, Bondi Beach NSW 2026, Australia , Bondi Beach NSW 2026, Australia'),
(38, 64, NULL, 1, '2015-01-09 15:00:17', NULL, NULL, NULL, NULL, NULL, NULL, 'Mascot NSW, Australia', 'Mascot NSW, Australia', NULL, 'Mascot', 'Mascot', '2015-01-10 14:15:17', 7.00, 2.00, 5.00, 0.35, NULL, 14.35, NULL, NULL, NULL, '2015-01-09 15:00:17', '2015-01-09 15:00:17', 'Mascot NSW, Australia , Mascot NSW, Australia'),
(39, 64, NULL, 1, '2015-01-09 15:01:03', NULL, NULL, NULL, NULL, NULL, NULL, 'Mascot NSW, Australia', 'Mascot NSW, Australia', NULL, 'Mascot', 'Mascot', '2015-01-21 04:01:03', 7.00, 2.00, 5.00, 0.35, NULL, 14.35, NULL, NULL, NULL, '2015-01-09 15:01:03', '2015-01-09 15:01:03', 'Mascot NSW, Australia , Mascot NSW, Australia'),
(40, 64, 65, 4, '2015-01-09 15:28:25', '2015-01-09 19:23:17', '2015-01-09 19:25:12', '2015-01-09 19:26:03', NULL, NULL, NULL, 'Mascot, New South Wales, Australia', '   Mascot, New South Wales, Australia', NULL, 'Mascot, New South Wales, Australia', 'Mascot, New South Wales, Australia', '2015-01-12 02:30:25', 7.00, 2.00, 5.00, 0.35, NULL, 14.35, 1, NULL, 'rate customer ', '2015-01-09 15:28:25', '2015-01-09 19:36:03', 'Mascot, New South Wales, Australia ,    Mascot, New South Wales, Australia');

-- --------------------------------------------------------

--
-- Structure de la table `pickup_rating`
--

CREATE TABLE IF NOT EXISTS `pickup_rating` (
  `id` int(11) NOT NULL AUTO_INCREMENT,
  `pickup_id` int(11) NOT NULL,
  `rating_id` int(11) NOT NULL,
  `rating_customer_value` tinyint(1) DEFAULT NULL,
  `rating_courier_value` tinyint(1) DEFAULT NULL,
  `created` datetime NOT NULL,
  `updated` datetime NOT NULL,
  PRIMARY KEY (`id`),
  KEY `pickup_id` (`pickup_id`)
) ENGINE=InnoDB  DEFAULT CHARSET=utf8 AUTO_INCREMENT=4 ;

--
-- Contenu de la table `pickup_rating`
--

INSERT INTO `pickup_rating` (`id`, `pickup_id`, `rating_id`, `rating_customer_value`, `rating_courier_value`, `created`, `updated`) VALUES
(1, 17, 1, 1, NULL, '2015-01-08 14:24:07', '2015-01-08 14:24:07'),
(2, 29, 1, 1, NULL, '2015-01-08 14:25:11', '2015-01-08 14:25:11'),
(3, 40, 1, 2, NULL, '2015-01-09 19:36:03', '2015-01-09 19:36:03');

-- --------------------------------------------------------

--
-- Structure de la table `rating`
--

CREATE TABLE IF NOT EXISTS `rating` (
  `id` int(11) NOT NULL AUTO_INCREMENT,
  `question` varchar(511) NOT NULL,
  `active` tinyint(1) NOT NULL DEFAULT '1',
  `created` datetime NOT NULL,
  `updated` datetime NOT NULL,
  PRIMARY KEY (`id`)
) ENGINE=InnoDB  DEFAULT CHARSET=utf8 AUTO_INCREMENT=2 ;

--
-- Contenu de la table `rating`
--

INSERT INTO `rating` (`id`, `question`, `active`, `created`, `updated`) VALUES
(1, 'content', 0, '2014-12-19 14:44:18', '2014-12-19 14:44:26');

-- --------------------------------------------------------

--
-- Structure de la table `staff`
--

CREATE TABLE IF NOT EXISTS `staff` (
  `id` int(11) NOT NULL AUTO_INCREMENT,
  `auth_id` int(11) NOT NULL,
  `email` varchar(63) NOT NULL,
  `role` smallint(1) NOT NULL,
  `area_ids` varchar(255) DEFAULT NULL,
  `created` datetime NOT NULL,
  `updated` datetime NOT NULL,
  PRIMARY KEY (`id`),
  KEY `email` (`email`)
) ENGINE=InnoDB  DEFAULT CHARSET=utf8 AUTO_INCREMENT=24 ;

--
-- Contenu de la table `staff`
--

INSERT INTO `staff` (`id`, `auth_id`, `email`, `role`, `area_ids`, `created`, `updated`) VALUES
(1, 1, 'superadmin@bag.com.au', 7, '0', '2014-12-12 14:58:18', '2014-12-12 14:58:18'),
(2, 9, 'muoidv@smartosc.com', 5, NULL, '2014-12-24 15:06:48', '2014-12-24 15:06:48'),
(3, 12, 'alan1@gmail.com', 4, '7,30,152,47,103,115,83,72,33,149,123,81,93,141,15,142,65,63,156,154,119,167,18,14,11,77,106,185,45,181,42,144,143,175,92,164,124,188,50,98,132,3,140,75,109,26,70,176,48,104,105,76,20,39,150,128,153,160,96,19,108,95,89,195,35,135,38,67,66,129,147,85,29,197', '2014-12-24 18:01:09', '2014-12-24 21:07:24'),
(4, 14, 'alan2@gmail.com', 5, NULL, '2014-12-24 18:02:53', '2014-12-24 18:02:53'),
(5, 15, 'alan3@gmail.com', 3, '7,30', '2014-12-24 18:08:06', '2014-12-24 18:22:14'),
(6, 16, 'thinsss@gmail.com', 3, NULL, '2014-12-24 18:18:41', '2014-12-24 18:18:41'),
(7, 17, 'alan4@gmail.com', 4, '7,30,115,83', '2014-12-24 18:24:59', '2014-12-24 19:19:24'),
(8, 18, 'alan5@gmail.com', 6, NULL, '2014-12-24 18:26:27', '2014-12-24 19:02:39'),
(9, 19, 'alan6@gmail.com', 5, NULL, '2014-12-24 18:38:52', '2014-12-24 19:04:19'),
(10, 20, 'admin123@gmail.com', 6, NULL, '2014-12-24 18:55:16', '2014-12-24 19:05:09'),
(11, 22, 'abc123@gmail.com', 6, NULL, '2014-12-24 19:09:27', '2014-12-24 19:09:27'),
(12, 23, 'localstaff@gmail.com', 4, '102,5,1', '2014-12-24 19:10:54', '2014-12-24 20:33:46'),
(13, 25, 'localstaff11@gmail.com', 4, '178,1', '2014-12-24 19:16:11', '2014-12-24 20:33:36'),
(14, 26, 'admasdsd@gmail.com', 4, '7,30,152,47', '2014-12-24 19:17:36', '2014-12-24 19:17:36'),
(15, 27, 'stafflocal@gmail.com', 4, '178,1', '2014-12-24 19:22:23', '2014-12-24 20:33:21'),
(16, 28, 'alan9@gmail.com', 4, '7,30,152,47,103,115,83,72,33,149,123,81,93,141,15,142,65,63,156,154,119,167,18,14,11,77,106,185,45,181,42,144,143,175,92,164,124,188,50,98,132,3,140,75,109,26,70,176,48,104,105,76,20,39,150,128,153,160,96,19,108,95,89,195,35,135,38,67,66,129,147,85,29,197', '2014-12-24 19:26:05', '2014-12-24 21:05:52'),
(17, 29, 'localstaff123@gmail.com', 4, '7,30', '2014-12-24 19:27:39', '2014-12-24 20:33:29'),
(18, 31, 'alan9@gmail.com', 6, NULL, '2014-12-24 20:16:52', '2014-12-24 20:16:52'),
(19, 32, 'abc@gmail.com', 4, '7,30,152,47,103,115,83,72,33,149,123,81,93,141,15,142,65,63,156,154,119,167,18,14,11,77,106,185,45,181,42,144,143,175,92,164,124,188,50,98,132,3,140,75,109,26,70,176,48,104,105,76,20,39,150,128,153,160,96,19,108,95,89,195,35,135,38,67,66,129,147,85,29,197', '2014-12-24 20:34:35', '2014-12-24 21:06:01'),
(20, 38, 'ChippendalePickups@gmail.com', 4, '3', '2014-12-24 22:29:11', '2014-12-24 22:29:11'),
(21, 39, 'newstaff2512@gmail.com', 5, NULL, '2014-12-25 10:06:24', '2014-12-25 13:28:26'),
(22, 40, 'newstaffnoel@gmail.com', 3, '3', '2014-12-25 13:32:01', '2014-12-25 13:32:01'),
(23, 48, 'stafftoday@gmail.com', 6, '0', '2015-01-06 15:01:22', '2015-01-06 15:01:22');

-- --------------------------------------------------------

--
-- Structure de la table `suburbs`
--

CREATE TABLE IF NOT EXISTS `suburbs` (
  `id` int(11) NOT NULL AUTO_INCREMENT,
  `country` varchar(63) NOT NULL,
  `state` varchar(7) NOT NULL,
  `region` varchar(255) NOT NULL,
  `suburb` varchar(255) NOT NULL,
  `postcode` int(7) NOT NULL,
  `created` datetime NOT NULL,
  `updated` datetime NOT NULL,
  PRIMARY KEY (`id`)
) ENGINE=InnoDB  DEFAULT CHARSET=utf8 AUTO_INCREMENT=203 ;

--
-- Contenu de la table `suburbs`
--

INSERT INTO `suburbs` (`id`, `country`, `state`, `region`, `suburb`, `postcode`, `created`, `updated`) VALUES
(1, 'Australia', 'NSW', 'Sydney', 'Sydney City', 2000, '2014-12-09 16:06:16', '2014-12-09 16:06:20'),
(2, 'Australia', 'NSW', 'Sydney', 'Ultimo', 2007, '2014-12-09 16:06:16', '2014-12-09 16:06:20'),
(3, 'Australia', 'NSW', 'Sydney', 'Chippendale', 2008, '2014-12-09 16:06:16', '2014-12-09 16:06:20'),
(4, 'Australia', 'NSW', 'Sydney', 'Pyrmont', 2009, '2014-12-09 16:06:16', '2014-12-09 16:06:20'),
(5, 'Australia', 'NSW', 'Sydney', 'Surry Hills', 2010, '2014-12-09 16:06:16', '2014-12-09 16:06:20'),
(6, 'Australia', 'NSW', 'Sydney', 'Kings Cross', 2011, '2014-12-09 16:06:16', '2014-12-09 16:06:20'),
(7, 'Australia', 'NSW', 'Sydney', 'Alexandria', 2015, '2014-12-09 16:06:16', '2014-12-09 16:06:20'),
(8, 'Australia', 'NSW', 'Sydney', 'Redfern', 2016, '2014-12-09 16:06:16', '2014-12-09 16:06:20'),
(9, 'Australia', 'NSW', 'Sydney', 'Waterloo', 2017, '2014-12-09 16:06:16', '2014-12-09 16:06:20'),
(10, 'Australia', 'NSW', 'Sydney', 'Rosebery', 2018, '2014-12-09 16:06:16', '2014-12-09 16:06:20'),
(11, 'Australia', 'NSW', 'Sydney', 'Botany', 2019, '2014-12-09 16:06:16', '2014-12-09 16:06:20'),
(12, 'Australia', 'NSW', 'Sydney', 'Mascot', 2020, '2014-12-09 16:06:16', '2014-12-09 16:06:20'),
(13, 'Australia', 'NSW', 'Sydney', 'Paddington', 2021, '2014-12-09 16:06:16', '2014-12-09 16:06:20'),
(14, 'Australia', 'NSW', 'Sydney', 'Bondi Junction', 2022, '2014-12-09 16:06:16', '2014-12-09 16:06:20'),
(15, 'Australia', 'NSW', 'Sydney', 'Bellevue Hill', 2023, '2014-12-09 16:06:16', '2014-12-09 16:06:20'),
(16, 'Australia', 'NSW', 'Sydney', 'Waverley', 2024, '2014-12-09 16:06:16', '2014-12-09 16:06:20'),
(17, 'Australia', 'NSW', 'Sydney', 'Woollahra', 2025, '2014-12-09 16:06:16', '2014-12-09 16:06:20'),
(18, 'Australia', 'NSW', 'Sydney', 'Bondi', 2026, '2014-12-09 16:06:16', '2014-12-09 16:06:20'),
(19, 'Australia', 'NSW', 'Sydney', 'Edgecliff', 2027, '2014-12-09 16:06:16', '2014-12-09 16:06:20'),
(20, 'Australia', 'NSW', 'Sydney', 'Double Bay', 2028, '2014-12-09 16:06:16', '2014-12-09 16:06:20'),
(21, 'Australia', 'NSW', 'Sydney', 'Rose Bay', 2029, '2014-12-09 16:06:16', '2014-12-09 16:06:20'),
(22, 'Australia', 'NSW', 'Sydney', 'Vaucluse', 2030, '2014-12-09 16:06:16', '2014-12-09 16:06:20'),
(23, 'Australia', 'NSW', 'Sydney', 'Randwick', 2031, '2014-12-09 16:06:16', '2014-12-09 16:06:20'),
(24, 'Australia', 'NSW', 'Sydney', 'Kingsford', 2032, '2014-12-09 16:06:16', '2014-12-09 16:06:20'),
(25, 'Australia', 'NSW', 'Sydney', 'Kensington', 2033, '2014-12-09 16:06:16', '2014-12-09 16:06:20'),
(26, 'Australia', 'NSW', 'Sydney', 'Coogee', 2034, '2014-12-09 16:06:16', '2014-12-09 16:06:20'),
(27, 'Australia', 'NSW', 'Sydney', 'Pagewood', 2035, '2014-12-09 16:06:16', '2014-12-09 16:06:20'),
(28, 'Australia', 'NSW', 'Sydney', 'Matraville', 2036, '2014-12-09 16:06:16', '2014-12-09 16:06:20'),
(29, 'Australia', 'NSW', 'Sydney', 'Glebe', 2037, '2014-12-09 16:06:16', '2014-12-09 16:06:20'),
(30, 'Australia', 'NSW', 'Sydney', 'Annandale', 2038, '2014-12-09 16:06:16', '2014-12-09 16:06:20'),
(31, 'Australia', 'NSW', 'Sydney', 'Rozelle', 2039, '2014-12-09 16:06:16', '2014-12-09 16:06:20'),
(32, 'Australia', 'NSW', 'Sydney', 'Leichhardt', 2040, '2014-12-09 16:06:16', '2014-12-09 16:06:20'),
(33, 'Australia', 'NSW', 'Sydney', 'Balmain', 2041, '2014-12-09 16:06:16', '2014-12-09 16:06:20'),
(34, 'Australia', 'NSW', 'Sydney', 'Newtown', 2042, '2014-12-09 16:06:16', '2014-12-09 16:06:20'),
(35, 'Australia', 'NSW', 'Sydney', 'Erskineville', 2043, '2014-12-09 16:06:16', '2014-12-09 16:06:20'),
(36, 'Australia', 'NSW', 'Sydney', 'St Peters', 2044, '2014-12-09 16:06:16', '2014-12-09 16:06:20'),
(37, 'Australia', 'NSW', 'Sydney', 'Haberfield', 2045, '2014-12-09 16:06:16', '2014-12-09 16:06:20'),
(38, 'Australia', 'NSW', 'Sydney', 'Five Dock', 2046, '2014-12-09 16:06:16', '2014-12-09 16:06:20'),
(39, 'Australia', 'NSW', 'Sydney', 'Drummoyne', 2047, '2014-12-09 16:06:16', '2014-12-09 16:06:20'),
(40, 'Australia', 'NSW', 'Sydney', 'Stanmore', 2048, '2014-12-09 16:06:16', '2014-12-09 16:06:20'),
(41, 'Australia', 'NSW', 'Sydney', 'Petersham', 2049, '2014-12-09 16:06:16', '2014-12-09 16:06:20'),
(42, 'Australia', 'NSW', 'Sydney', 'Camperdown', 2050, '2014-12-09 16:06:16', '2014-12-09 16:06:20'),
(43, 'Australia', 'NSW', 'Sydney', 'North Sydney', 2060, '2014-12-09 16:06:16', '2014-12-09 16:06:20'),
(44, 'Australia', 'NSW', 'Sydney', 'Milsons Point', 2061, '2014-12-09 16:06:16', '2014-12-09 16:06:20'),
(45, 'Australia', 'NSW', 'Sydney', 'Cammeray', 2062, '2014-12-09 16:06:16', '2014-12-09 16:06:20'),
(46, 'Australia', 'NSW', 'Sydney', 'Northbridge', 2063, '2014-12-09 16:06:16', '2014-12-09 16:06:20'),
(47, 'Australia', 'NSW', 'Sydney', 'Artarmon', 2064, '2014-12-09 16:06:16', '2014-12-09 16:06:20'),
(48, 'Australia', 'NSW', 'Sydney', 'Crows Nest', 2065, '2014-12-09 16:06:16', '2014-12-09 16:06:20'),
(49, 'Australia', 'NSW', 'Sydney', 'Lane Cove', 2066, '2014-12-09 16:06:16', '2014-12-09 16:06:20'),
(50, 'Australia', 'NSW', 'Sydney', 'Chatswood', 2067, '2014-12-09 16:06:16', '2014-12-09 16:06:20'),
(51, 'Australia', 'NSW', 'Sydney', 'Willoughby', 2068, '2014-12-09 16:06:16', '2014-12-09 16:06:20'),
(52, 'Australia', 'NSW', 'Sydney', 'Roseville', 2069, '2014-12-09 16:06:16', '2014-12-09 16:06:20'),
(53, 'Australia', 'NSW', 'Sydney', 'Lindfield', 2070, '2014-12-09 16:06:16', '2014-12-09 16:06:20'),
(54, 'Australia', 'NSW', 'Sydney', 'Killara', 2071, '2014-12-09 16:06:16', '2014-12-09 16:06:20'),
(55, 'Australia', 'NSW', 'Sydney', 'Gordon', 2072, '2014-12-09 16:06:16', '2014-12-09 16:06:20'),
(56, 'Australia', 'NSW', 'Sydney', 'Pymble', 2073, '2014-12-09 16:06:16', '2014-12-09 16:06:20'),
(57, 'Australia', 'NSW', 'Sydney', 'Turramurra', 2074, '2014-12-09 16:06:16', '2014-12-09 16:06:20'),
(58, 'Australia', 'NSW', 'Sydney', 'St Ives', 2075, '2014-12-09 16:06:16', '2014-12-09 16:06:20'),
(59, 'Australia', 'NSW', 'Sydney', 'Wahroona', 2076, '2014-12-09 16:06:16', '2014-12-09 16:06:20'),
(60, 'Australia', 'NSW', 'Sydney', 'Hornsby', 2077, '2014-12-09 16:06:16', '2014-12-09 16:06:20'),
(61, 'Australia', 'NSW', 'Sydney', 'Mount Colah', 2079, '2014-12-09 16:06:16', '2014-12-09 16:06:20'),
(62, 'Australia', 'NSW', 'Sydney', 'Mount Kuring-gai', 2080, '2014-12-09 16:06:16', '2014-12-09 16:06:20'),
(63, 'Australia', 'NSW', 'Sydney', 'Berowra Waters', 2082, '2014-12-09 16:06:16', '2014-12-09 16:06:20'),
(64, 'Australia', 'NSW', 'Sydney', 'Terrey Hills', 2084, '2014-12-09 16:06:16', '2014-12-09 16:06:20'),
(65, 'Australia', 'NSW', 'Sydney', 'Belrose', 2085, '2014-12-09 16:06:16', '2014-12-09 16:06:20'),
(66, 'Australia', 'NSW', 'Sydney', 'Frenchs Forest', 2086, '2014-12-09 16:06:16', '2014-12-09 16:06:20'),
(67, 'Australia', 'NSW', 'Sydney', 'Forestville', 2087, '2014-12-09 16:06:16', '2014-12-09 16:06:20'),
(68, 'Australia', 'NSW', 'Sydney', 'Mosman', 2088, '2014-12-09 16:06:16', '2014-12-09 16:06:20'),
(69, 'Australia', 'NSW', 'Sydney', 'Neutral Bay', 2089, '2014-12-09 16:06:16', '2014-12-09 16:06:20'),
(70, 'Australia', 'NSW', 'Sydney', 'Cremorne', 2090, '2014-12-09 16:06:16', '2014-12-09 16:06:20'),
(71, 'Australia', 'NSW', 'Sydney', 'Seaforth', 2092, '2014-12-09 16:06:16', '2014-12-09 16:06:20'),
(72, 'Australia', 'NSW', 'Sydney', 'Balgowlah', 2093, '2014-12-09 16:06:16', '2014-12-09 16:06:20'),
(73, 'Australia', 'NSW', 'Sydney', 'Manly', 2095, '2014-12-09 16:06:16', '2014-12-09 16:06:20'),
(74, 'Australia', 'NSW', 'Sydney', 'Harbord', 2096, '2014-12-09 16:06:16', '2014-12-09 16:06:20'),
(75, 'Australia', 'NSW', 'Sydney', 'Collaroy', 2097, '2014-12-09 16:06:16', '2014-12-09 16:06:20'),
(76, 'Australia', 'NSW', 'Sydney', 'Dee Why', 2099, '2014-12-09 16:06:16', '2014-12-09 16:06:20'),
(77, 'Australia', 'NSW', 'Sydney', 'Brookvale', 2100, '2014-12-09 16:06:16', '2014-12-09 16:06:20'),
(78, 'Australia', 'NSW', 'Sydney', 'Narrabeen', 2101, '2014-12-09 16:06:16', '2014-12-09 16:06:20'),
(79, 'Australia', 'NSW', 'Sydney', 'Warriewood', 2102, '2014-12-09 16:06:16', '2014-12-09 16:06:20'),
(80, 'Australia', 'NSW', 'Sydney', 'Mona Vale', 2103, '2014-12-09 16:06:16', '2014-12-09 16:06:20'),
(81, 'Australia', 'NSW', 'Sydney', 'Bayview', 2104, '2014-12-09 16:06:16', '2014-12-09 16:06:20'),
(82, 'Australia', 'NSW', 'Sydney', 'Newport', 2106, '2014-12-09 16:06:16', '2014-12-09 16:06:20'),
(83, 'Australia', 'NSW', 'Sydney', 'Avalon', 2107, '2014-12-09 16:06:16', '2014-12-09 16:06:20'),
(84, 'Australia', 'NSW', 'Sydney', 'Hunters Hill', 2110, '2014-12-09 16:06:16', '2014-12-09 16:06:20'),
(85, 'Australia', 'NSW', 'Sydney', 'Gladesville', 2111, '2014-12-09 16:06:16', '2014-12-09 16:06:20'),
(86, 'Australia', 'NSW', 'Sydney', 'Ryde', 2112, '2014-12-09 16:06:16', '2014-12-09 16:06:20'),
(87, 'Australia', 'NSW', 'Sydney', 'North Ryde', 2113, '2014-12-09 16:06:16', '2014-12-09 16:06:20'),
(88, 'Australia', 'NSW', 'Sydney', 'Meadowbank', 2114, '2014-12-09 16:06:16', '2014-12-09 16:06:20'),
(89, 'Australia', 'NSW', 'Sydney', 'Ermington', 2115, '2014-12-09 16:06:16', '2014-12-09 16:06:20'),
(90, 'Australia', 'NSW', 'Sydney', 'Rydalmere', 2116, '2014-12-09 16:06:16', '2014-12-09 16:06:20'),
(91, 'Australia', 'NSW', 'Sydney', 'Telopea', 2117, '2014-12-09 16:06:16', '2014-12-09 16:06:20'),
(92, 'Australia', 'NSW', 'Sydney', 'Carlingford', 2118, '2014-12-09 16:06:16', '2014-12-09 16:06:20'),
(93, 'Australia', 'NSW', 'Sydney', 'Beecroft', 2119, '2014-12-09 16:06:16', '2014-12-09 16:06:20'),
(94, 'Australia', 'NSW', 'Sydney', 'Pennant Hills', 2120, '2014-12-09 16:06:16', '2014-12-09 16:06:20'),
(95, 'Australia', 'NSW', 'Sydney', 'Epping', 2121, '2014-12-09 16:06:16', '2014-12-09 16:06:20'),
(96, 'Australia', 'NSW', 'Sydney', 'Eastwood', 2122, '2014-12-09 16:06:16', '2014-12-09 16:06:20'),
(97, 'Australia', 'NSW', 'Sydney', 'W. Pennant Hills', 2125, '2014-12-09 16:06:16', '2014-12-09 16:06:20'),
(98, 'Australia', 'NSW', 'Sydney', 'Cherrybrook', 2126, '2014-12-09 16:06:16', '2014-12-09 16:06:20'),
(99, 'Australia', 'NSW', 'Sydney', 'Homebush Bay', 2127, '2014-12-09 16:06:16', '2014-12-09 16:06:20'),
(100, 'Australia', 'NSW', 'Sydney', 'Silverwater', 2128, '2014-12-09 16:06:16', '2014-12-09 16:06:20'),
(101, 'Australia', 'NSW', 'Sydney', 'Sydney Markets', 2129, '2014-12-09 16:06:16', '2014-12-09 16:06:20'),
(102, 'Australia', 'NSW', 'Sydney', 'Summer Hill', 2130, '2014-12-09 16:06:16', '2014-12-09 16:06:20'),
(103, 'Australia', 'NSW', 'Sydney', 'Ashfield', 2131, '2014-12-09 16:06:16', '2014-12-09 16:06:20'),
(104, 'Australia', 'NSW', 'Sydney', 'Croydon', 2132, '2014-12-09 16:06:16', '2014-12-09 16:06:20'),
(105, 'Australia', 'NSW', 'Sydney', 'Croydon Park', 2133, '2014-12-09 16:06:16', '2014-12-09 16:06:20'),
(106, 'Australia', 'NSW', 'Sydney', 'Burwood', 2134, '2014-12-09 16:06:16', '2014-12-09 16:06:20'),
(107, 'Australia', 'NSW', 'Sydney', 'Strathfield', 2135, '2014-12-09 16:06:16', '2014-12-09 16:06:20'),
(108, 'Australia', 'NSW', 'Sydney', 'Enfield', 2136, '2014-12-09 16:06:16', '2014-12-09 16:06:20'),
(109, 'Australia', 'NSW', 'Sydney', 'Concord', 2137, '2014-12-09 16:06:16', '2014-12-09 16:06:20'),
(110, 'Australia', 'NSW', 'Sydney', 'Rhodes', 2138, '2014-12-09 16:06:16', '2014-12-09 16:06:20'),
(111, 'Australia', 'NSW', 'Sydney', 'Homebush', 2140, '2014-12-09 16:06:16', '2014-12-09 16:06:20'),
(112, 'Australia', 'NSW', 'Sydney', 'Lidcombe', 2141, '2014-12-09 16:06:16', '2014-12-09 16:06:20'),
(113, 'Australia', 'NSW', 'Sydney', 'Granville', 2142, '2014-12-09 16:06:16', '2014-12-09 16:06:20'),
(114, 'Australia', 'NSW', 'Sydney', 'Regents Park', 2143, '2014-12-09 16:06:16', '2014-12-09 16:06:20'),
(115, 'Australia', 'NSW', 'Sydney', 'Auburn', 2144, '2014-12-09 16:06:16', '2014-12-09 16:06:20'),
(116, 'Australia', 'NSW', 'Sydney', 'Wentworthville', 2145, '2014-12-09 16:06:16', '2014-12-09 16:06:20'),
(117, 'Australia', 'NSW', 'Sydney', 'Toongabbie', 2146, '2014-12-09 16:06:16', '2014-12-09 16:06:20'),
(118, 'Australia', 'NSW', 'Sydney', 'Seven Hills', 2147, '2014-12-09 16:06:16', '2014-12-09 16:06:20'),
(119, 'Australia', 'NSW', 'Sydney', 'Blacktown', 2148, '2014-12-09 16:06:16', '2014-12-09 16:06:20'),
(120, 'Australia', 'NSW', 'Sydney', 'Parramatta', 2150, '2014-12-09 16:06:16', '2014-12-09 16:06:20'),
(121, 'Australia', 'NSW', 'Sydney', 'North Rocks', 2151, '2014-12-09 16:06:16', '2014-12-09 16:06:20'),
(122, 'Australia', 'NSW', 'Sydney', 'Northmead', 2152, '2014-12-09 16:06:16', '2014-12-09 16:06:20'),
(123, 'Australia', 'NSW', 'Sydney', 'Baulkham Hills', 2153, '2014-12-09 16:06:16', '2014-12-09 16:06:20'),
(124, 'Australia', 'NSW', 'Sydney', 'Castle Hill', 2154, '2014-12-09 16:06:16', '2014-12-09 16:06:20'),
(125, 'Australia', 'NSW', 'Sydney', 'Kellyville', 2155, '2014-12-09 16:06:16', '2014-12-09 16:06:20'),
(126, 'Australia', 'NSW', 'Sydney', 'Kenthurst', 2156, '2014-12-09 16:06:16', '2014-12-09 16:06:20'),
(127, 'Australia', 'NSW', 'Sydney', 'Glenorie', 2157, '2014-12-09 16:06:16', '2014-12-09 16:06:20'),
(128, 'Australia', 'NSW', 'Sydney', 'Dural', 2158, '2014-12-09 16:06:16', '2014-12-09 16:06:20'),
(129, 'Australia', 'NSW', 'Sydney', 'Galston', 2159, '2014-12-09 16:06:16', '2014-12-09 16:06:20'),
(130, 'Australia', 'NSW', 'Sydney', 'Merrylands', 2160, '2014-12-09 16:06:16', '2014-12-09 16:06:20'),
(131, 'Australia', 'NSW', 'Sydney', 'Yennora', 2161, '2014-12-09 16:06:16', '2014-12-09 16:06:20'),
(132, 'Australia', 'NSW', 'Sydney', 'Chester Hill', 2162, '2014-12-09 16:06:16', '2014-12-09 16:06:20'),
(133, 'Australia', 'NSW', 'Sydney', 'Villawood', 2163, '2014-12-09 16:06:16', '2014-12-09 16:06:20'),
(134, 'Australia', 'NSW', 'Sydney', 'Smithfield/W.Park', 2164, '2014-12-09 16:06:16', '2014-12-09 16:06:20'),
(135, 'Australia', 'NSW', 'Sydney', 'Fairfield', 2165, '2014-12-09 16:06:16', '2014-12-09 16:06:20'),
(136, 'Australia', 'NSW', 'Sydney', 'Lansvale', 2166, '2014-12-09 16:06:16', '2014-12-09 16:06:20'),
(137, 'Australia', 'NSW', 'Sydney', 'Liverpool', 2170, '2014-12-09 16:06:16', '2014-12-09 16:06:20'),
(138, 'Australia', 'NSW', 'Sydney', 'Hoxton Park', 2171, '2014-12-09 16:06:16', '2014-12-09 16:06:20'),
(139, 'Australia', 'NSW', 'Sydney', 'St Johns Park', 2176, '2014-12-09 16:06:16', '2014-12-09 16:06:20'),
(140, 'Australia', 'NSW', 'Sydney', 'Chullora', 2190, '2014-12-09 16:06:16', '2014-12-09 16:06:20'),
(141, 'Australia', 'NSW', 'Sydney', 'Belfield', 2191, '2014-12-09 16:06:16', '2014-12-09 16:06:20'),
(142, 'Australia', 'NSW', 'Sydney', 'Belmore', 2192, '2014-12-09 16:06:16', '2014-12-09 16:06:20'),
(143, 'Australia', 'NSW', 'Sydney', 'Canterbury', 2193, '2014-12-09 16:06:16', '2014-12-09 16:06:20'),
(144, 'Australia', 'NSW', 'Sydney', 'Campsie', 2194, '2014-12-09 16:06:16', '2014-12-09 16:06:20'),
(145, 'Australia', 'NSW', 'Sydney', 'Lakemba', 2195, '2014-12-09 16:06:16', '2014-12-09 16:06:20'),
(146, 'Australia', 'NSW', 'Sydney', 'Punchbowl', 2196, '2014-12-09 16:06:16', '2014-12-09 16:06:20'),
(147, 'Australia', 'NSW', 'Sydney', 'Georges Hall', 2198, '2014-12-09 16:06:16', '2014-12-09 16:06:20'),
(148, 'Australia', 'NSW', 'Sydney', 'Yagoona', 2199, '2014-12-09 16:06:16', '2014-12-09 16:06:20'),
(149, 'Australia', 'NSW', 'Sydney', 'Bankstown', 2200, '2014-12-09 16:06:16', '2014-12-09 16:06:20'),
(150, 'Australia', 'NSW', 'Sydney', 'Dulwich Hill', 2203, '2014-12-09 16:06:16', '2014-12-09 16:06:20'),
(151, 'Australia', 'NSW', 'Sydney', 'Marrickville', 2204, '2014-12-09 16:06:16', '2014-12-09 16:06:20'),
(152, 'Australia', 'NSW', 'Sydney', 'Arncliffe', 2205, '2014-12-09 16:06:16', '2014-12-09 16:06:20'),
(153, 'Australia', 'NSW', 'Sydney', 'Earlwood', 2206, '2014-12-09 16:06:16', '2014-12-09 16:06:20'),
(154, 'Australia', 'NSW', 'Sydney', 'Bexley', 2207, '2014-12-09 16:06:16', '2014-12-09 16:06:20'),
(155, 'Australia', 'NSW', 'Sydney', 'Kingsgrove', 2208, '2014-12-09 16:06:16', '2014-12-09 16:06:20'),
(156, 'Australia', 'NSW', 'Sydney', 'Beverly Hills', 2209, '2014-12-09 16:06:16', '2014-12-09 16:06:20'),
(157, 'Australia', 'NSW', 'Sydney', 'Peakhurst', 2210, '2014-12-09 16:06:16', '2014-12-09 16:06:20'),
(158, 'Australia', 'NSW', 'Sydney', 'Padstow', 2211, '2014-12-09 16:06:16', '2014-12-09 16:06:20'),
(159, 'Australia', 'NSW', 'Sydney', 'Revesby', 2212, '2014-12-09 16:06:16', '2014-12-09 16:06:20'),
(160, 'Australia', 'NSW', 'Sydney', 'East Hills', 2213, '2014-12-09 16:06:16', '2014-12-09 16:06:20'),
(161, 'Australia', 'NSW', 'Sydney', 'Milperra', 2214, '2014-12-09 16:06:16', '2014-12-09 16:06:20'),
(162, 'Australia', 'NSW', 'Sydney', 'Rockdale', 2216, '2014-12-09 16:06:16', '2014-12-09 16:06:20'),
(163, 'Australia', 'NSW', 'Sydney', 'Kogarah', 2217, '2014-12-09 16:06:16', '2014-12-09 16:06:20'),
(164, 'Australia', 'NSW', 'Sydney', 'Carlton', 2218, '2014-12-09 16:06:16', '2014-12-09 16:06:20'),
(165, 'Australia', 'NSW', 'Sydney', 'Sans Souci', 2219, '2014-12-09 16:06:16', '2014-12-09 16:06:20'),
(166, 'Australia', 'NSW', 'Sydney', 'Hurstville', 2220, '2014-12-09 16:06:16', '2014-12-09 16:06:20'),
(167, 'Australia', 'NSW', 'Sydney', 'Blakehurst', 2221, '2014-12-09 16:06:16', '2014-12-09 16:06:20'),
(168, 'Australia', 'NSW', 'Sydney', 'Penshurst', 2222, '2014-12-09 16:06:16', '2014-12-09 16:06:20'),
(169, 'Australia', 'NSW', 'Sydney', 'Mortdale', 2223, '2014-12-09 16:06:16', '2014-12-09 16:06:20'),
(170, 'Australia', 'NSW', 'Sydney', 'Sylvania', 2224, '2014-12-09 16:06:16', '2014-12-09 16:06:20'),
(171, 'Australia', 'NSW', 'Sydney', 'Oyster Bay', 2225, '2014-12-09 16:06:16', '2014-12-09 16:06:20'),
(172, 'Australia', 'NSW', 'Sydney', 'Jannali', 2226, '2014-12-09 16:06:16', '2014-12-09 16:06:20'),
(173, 'Australia', 'NSW', 'Sydney', 'Gymea', 2227, '2014-12-09 16:06:16', '2014-12-09 16:06:20'),
(174, 'Australia', 'NSW', 'Sydney', 'Miranda', 2228, '2014-12-09 16:06:16', '2014-12-09 16:06:20'),
(175, 'Australia', 'NSW', 'Sydney', 'Caringbah', 2229, '2014-12-09 16:06:16', '2014-12-09 16:06:20'),
(176, 'Australia', 'NSW', 'Sydney', 'Cronulla', 2230, '2014-12-09 16:06:16', '2014-12-09 16:06:20'),
(177, 'Australia', 'NSW', 'Sydney', 'Kurnell', 2231, '2014-12-09 16:06:16', '2014-12-09 16:06:20'),
(178, 'Australia', 'NSW', 'Sydney', 'Sutherland', 2232, '2014-12-09 16:06:16', '2014-12-09 16:06:20'),
(179, 'Australia', 'NSW', 'Sydney', 'Heathcote', 2233, '2014-12-09 16:06:16', '2014-12-09 16:06:20'),
(180, 'Australia', 'NSW', 'Sydney', 'Menai', 2234, '2014-12-09 16:06:16', '2014-12-09 16:06:20'),
(181, 'Australia', 'NSW', 'Sydney', 'Campbelltown', 2560, '2014-12-09 16:06:16', '2014-12-09 16:06:20'),
(182, 'Australia', 'NSW', 'Sydney', 'Ingleburn', 2565, '2014-12-09 16:06:16', '2014-12-09 16:06:20'),
(183, 'Australia', 'NSW', 'Sydney', 'Minto', 2566, '2014-12-09 16:06:16', '2014-12-09 16:06:20'),
(184, 'Australia', 'NSW', 'Sydney', 'Narellan', 2567, '2014-12-09 16:06:16', '2014-12-09 16:06:20'),
(185, 'Australia', 'NSW', 'Sydney', 'Camden', 2570, '2014-12-09 16:06:16', '2014-12-09 16:06:20'),
(186, 'Australia', 'NSW', 'Sydney', 'Mulgoa', 2745, '2014-12-09 16:06:16', '2014-12-09 16:06:20'),
(187, 'Australia', 'NSW', 'Sydney', 'Kingswood', 2747, '2014-12-09 16:06:16', '2014-12-09 16:06:20'),
(188, 'Australia', 'NSW', 'Sydney', 'Castlereagh', 2749, '2014-12-09 16:06:16', '2014-12-09 16:06:20'),
(189, 'Australia', 'NSW', 'Sydney', 'Penrith', 2750, '2014-12-09 16:06:16', '2014-12-09 16:06:20'),
(190, 'Australia', 'NSW', 'Sydney', 'Silverdale', 2752, '2014-12-09 16:06:16', '2014-12-09 16:06:20'),
(191, 'Australia', 'NSW', 'Sydney', 'Richmond', 2753, '2014-12-09 16:06:16', '2014-12-09 16:06:20'),
(192, 'Australia', 'NSW', 'Sydney', 'North Richmond', 2754, '2014-12-09 16:06:16', '2014-12-09 16:06:20'),
(193, 'Australia', 'NSW', 'Sydney', 'Windsor', 2756, '2014-12-09 16:06:16', '2014-12-09 16:06:20'),
(194, 'Australia', 'NSW', 'Sydney', 'Kurrajong', 2758, '2014-12-09 16:06:16', '2014-12-09 16:06:20'),
(195, 'Australia', 'NSW', 'Sydney', 'Erskine Park', 2759, '2014-12-09 16:06:16', '2014-12-09 16:06:20'),
(196, 'Australia', 'NSW', 'Sydney', 'St Marys', 2760, '2014-12-09 16:06:16', '2014-12-09 16:06:20'),
(197, 'Australia', 'NSW', 'Sydney', 'Glendenning', 2761, '2014-12-09 16:06:16', '2014-12-09 16:06:20'),
(198, 'Australia', 'NSW', 'Sydney', 'Quakers Hill', 2763, '2014-12-09 16:06:16', '2014-12-09 16:06:20'),
(199, 'Australia', 'NSW', 'Sydney', 'Riverstone', 2765, '2014-12-09 16:06:16', '2014-12-09 16:06:20'),
(200, 'Australia', 'NSW', 'Sydney', 'Rooty Hill', 2766, '2014-12-09 16:06:16', '2014-12-09 16:06:20'),
(201, 'Australia', 'NSW', 'Sydney', 'Parklea', 2768, '2014-12-09 16:06:16', '2014-12-09 16:06:20'),
(202, 'Australia', 'NSW', 'Sydney', 'Minchinbury', 2770, '2014-12-09 16:06:16', '2014-12-09 16:06:20');
